mac,rssi,timestamp,team
80:E1:26:07:C4:0A,-73,2020-01-08 14:20:20.374994,30
80:E1:26:07:C4:0A,-89,2020-01-08 14:20:30.492356,30
80:E1:26:07:D2:6F,-64,2020-01-08 14:20:40.476416,30
80:E1:26:07:E3:79,-70,2020-01-08 14:21:00.375758,30
80:E1:26:07:D2:6F,-68,2020-01-08 14:21:10.435459,30
80:E1:26:07:D2:6F,-56,2020-01-08 14:21:20.393668,30
80:E1:26:07:E3:79,-76,2020-01-08 14:22:50.517374,30
80:E1:26:07:E3:79,-73,2020-01-08 14:23:20.515258,30
80:E1:26:07:E3:79,-77,2020-01-08 14:23:40.529026,30
80:E1:26:07:E3:79,-69,2020-01-08 14:25:28.199612,15
80:E1:26:07:E3:79,-76,2020-01-08 14:25:50.639875,30
80:E1:26:07:E3:79,-73,2020-01-08 14:26:00.589992,30
80:E1:26:07:C4:0A,-80,2020-01-08 14:26:50.838348,30
80:E1:26:07:C4:0A,-80,2020-01-08 14:26:52.634351,30
80:E1:26:07:C4:0A,-68,2020-01-08 14:27:00.778909,30
80:E1:26:07:C4:0A,-78,2020-01-08 14:27:10.646563,30
80:E1:26:07:E0:F2,-85,2020-01-08 14:30:20.727685,30
80:E1:26:07:E0:F2,-71,2020-01-08 14:30:25.159462,33
80:E1:26:07:D2:6F,-76,2020-01-08 14:30:30.653011,33
80:E1:26:07:D2:6F,-58,2020-01-08 14:30:30.758754,30
80:E1:26:07:D2:6F,-83,2020-01-08 14:30:40.688119,33
80:E1:26:07:D2:6F,-58,2020-01-08 14:31:30.725798,30
80:E1:26:07:D2:6F,-66,2020-01-08 14:31:40.720607,30
80:E1:26:07:D2:6F,-66,2020-01-08 14:31:50.717692,30
80:E1:26:07:C4:0A,-70,2020-01-08 14:32:10.721585,30
80:E1:26:07:D2:6F,-69,2020-01-08 14:32:30.760557,30
80:E1:26:07:C4:0A,-71,2020-01-08 14:32:40.755214,30
80:E1:26:07:E0:F2,-69,2020-01-08 14:33:10.743750,30
80:E1:26:07:C4:0A,-55,2020-01-08 14:33:20.762452,30
80:E1:26:07:E0:F2,-76,2020-01-08 14:33:40.723771,30
80:E1:26:07:E3:79,-77,2020-01-08 14:33:50.761235,30
80:E1:26:07:E3:79,-64,2020-01-08 14:34:02.053374,30
80:E1:26:07:E3:79,-64,2020-01-08 14:34:00.735614,30
80:E1:26:07:E3:79,-75,2020-01-08 14:34:10.742673,30
80:E1:26:07:D2:6F,-59,2020-01-08 14:34:30.783972,30
80:E1:26:07:E0:F2,-79,2020-01-08 14:34:33.074358,30
80:E1:26:07:D2:6F,-50,2020-01-08 14:34:52.177238,30
80:E1:26:07:D2:6F,-50,2020-01-08 14:34:50.803369,30
80:E1:26:07:E0:F2,-73,2020-01-08 14:35:01.218044,15
80:E1:26:07:E0:F2,-71,2020-01-08 14:35:00.735700,30
80:E1:26:07:D2:6F,-55,2020-01-08 14:35:10.741066,30
80:E1:26:07:D2:6F,-42,2020-01-08 14:35:22.142051,30
80:E1:26:07:D2:6F,-42,2020-01-08 14:35:20.800794,30
80:E1:26:07:D2:6F,-69,2020-01-08 14:38:40.908271,30
80:E1:26:07:E3:79,-80,2020-01-08 14:38:50.899391,30
80:E1:26:07:D2:6F,-69,2020-01-08 14:39:00.891882,30
80:E1:26:07:E3:79,-78,2020-01-08 14:39:10.985994,30
80:E1:26:07:D2:6F,-72,2020-01-08 14:39:15.369118,121
80:E1:26:07:D2:6F,-76,2020-01-08 14:39:20.875869,30
80:E1:26:07:E3:79,-74,2020-01-08 14:39:23.702671,30
80:E1:26:07:D2:6F,-72,2020-01-08 14:39:24.426835,121
80:E1:26:07:D2:6F,-59,2020-01-08 14:39:31.022889,30
80:E1:26:07:D2:6F,-77,2020-01-08 14:39:34.498657,121
80:E1:26:07:C4:0A,-86,2020-01-08 14:40:14.437398,121
80:E1:26:07:E3:79,-76,2020-01-08 14:40:20.948979,30
80:E1:26:07:C4:0A,-81,2020-01-08 14:40:24.489113,121
80:E1:26:07:D2:6F,-63,2020-01-08 14:40:30.966976,30
80:E1:26:07:D2:6F,-73,2020-01-08 14:40:34.497628,121
80:E1:26:07:D2:6F,-69,2020-01-08 14:40:40.937834,30
80:E1:26:07:D2:6F,-70,2020-01-08 14:40:44.662338,121
80:E1:26:07:C4:0A,-76,2020-01-08 14:40:50.952024,30
80:E1:26:07:C4:0A,-81,2020-01-08 14:40:54.586548,121
80:E1:26:07:C4:0A,-85,2020-01-08 14:41:00.990610,30
80:E1:26:07:D2:6F,-70,2020-01-08 14:41:04.498600,121
80:E1:26:07:C4:0A,-72,2020-01-08 14:41:10.952894,30
80:E1:26:07:D2:6F,-76,2020-01-08 14:41:14.648741,121
80:E1:26:07:C4:0A,-78,2020-01-08 14:41:20.938574,30
80:E1:26:07:C4:0A,-79,2020-01-08 14:41:24.730889,121
80:E1:26:07:E3:79,-86,2020-01-08 14:41:34.498869,121
80:E1:26:07:E3:79,-72,2020-01-08 14:41:41.007673,30
80:E1:26:07:E3:79,-80,2020-01-08 14:41:44.505581,121
80:E1:26:07:E3:79,-82,2020-01-08 14:41:54.502040,121
80:E1:26:07:E3:79,-86,2020-01-08 14:42:04.622354,121
80:E1:26:07:D2:6F,-65,2020-01-08 14:42:11.015864,30
80:E1:26:07:D2:6F,-68,2020-01-08 14:42:14.529999,121
80:E1:26:07:D2:6F,-57,2020-01-08 14:42:21.033105,30
80:E1:26:07:D2:6F,-73,2020-01-08 14:42:24.534075,121
80:E1:26:07:D2:6F,-52,2020-01-08 14:42:40.988377,30
80:E1:26:07:D2:6F,-66,2020-01-08 14:42:44.566616,121
80:E1:26:07:D2:6F,-57,2020-01-08 14:42:51.046773,30
80:E1:26:07:D2:6F,-67,2020-01-08 14:42:54.568665,121
80:E1:26:07:D2:6F,-73,2020-01-08 14:43:01.124083,30
80:E1:26:07:D2:6F,-68,2020-01-08 14:43:04.957819,121
80:E1:26:07:D2:6F,-62,2020-01-08 14:43:11.025673,30
80:E1:26:07:D2:6F,-74,2020-01-08 14:43:14.668197,121
80:E1:26:07:D2:6F,-69,2020-01-08 14:43:24.610026,121
80:E1:26:07:D2:6F,-64,2020-01-08 14:43:31.028184,30
80:E1:26:07:E3:79,-59,2020-01-08 14:43:34.762017,121
80:E1:26:07:D2:6F,-70,2020-01-08 14:43:41.028941,30
80:E1:26:07:D2:6F,-86,2020-01-08 14:43:44.628814,121
80:E1:26:07:D2:6F,-68,2020-01-08 14:43:51.069419,30
80:E1:26:07:D2:6F,-77,2020-01-08 14:43:54.741786,121
80:E1:26:07:E3:79,-68,2020-01-08 14:44:01.110523,30
80:E1:26:07:E3:79,-56,2020-01-08 14:44:04.735133,121
80:E1:26:07:E3:79,-68,2020-01-08 14:44:11.021280,30
80:E1:26:07:E3:79,-53,2020-01-08 14:44:14.651766,121
80:E1:26:07:E3:79,-70,2020-01-08 14:44:21.081643,30
80:E1:26:07:E3:79,-56,2020-01-08 14:44:24.726527,121
80:E1:26:07:E3:79,-55,2020-01-08 14:44:34.699289,121
80:E1:26:07:E0:F2,-82,2020-01-08 14:45:34.733608,121
80:E1:26:07:E0:F2,-68,2020-01-08 14:45:41.090697,30
80:E1:26:07:E0:F2,-81,2020-01-08 14:45:44.759149,121
80:E1:26:07:E0:F2,-84,2020-01-08 14:45:54.747840,121
80:E1:26:07:E0:F2,-81,2020-01-08 14:46:14.736189,121
80:E1:26:07:E0:F2,-81,2020-01-08 14:46:25.136999,121
80:E1:26:07:E0:F2,-82,2020-01-08 14:46:34.778633,121
80:E1:26:07:E0:F2,-85,2020-01-08 14:46:41.311104,30
80:E1:26:07:E0:F2,-84,2020-01-08 14:46:44.797611,121
80:E1:26:07:E0:F2,-82,2020-01-08 14:46:55.240645,121
80:E1:26:07:E0:F2,-74,2020-01-08 14:47:01.124715,30
80:E1:26:07:E0:F2,-81,2020-01-08 14:47:04.796652,121
80:E1:26:07:E0:F2,-78,2020-01-08 14:47:11.153091,30
80:E1:26:07:D2:6F,-72,2020-01-08 14:47:21.164481,30
80:E1:26:07:D2:6F,-79,2020-01-08 14:47:24.817381,121
80:E1:26:07:D2:6F,-72,2020-01-08 14:47:22.433650,30
80:E1:26:07:D2:6F,-73,2020-01-08 14:47:34.801563,121
80:E1:26:07:D2:6F,-67,2020-01-08 14:47:35.580159,15
80:E1:26:07:D2:6F,-72,2020-01-08 14:47:42.418695,30
80:E1:26:07:D2:6F,-72,2020-01-08 14:47:41.146340,30
80:E1:26:07:D2:6F,-76,2020-01-08 14:47:44.785358,121
80:E1:26:07:D2:6F,-74,2020-01-08 14:47:45.618443,15
80:E1:26:07:D2:6F,-83,2020-01-08 14:47:54.822170,121
80:E1:26:07:D2:6F,-68,2020-01-08 14:47:55.618800,15
80:E1:26:07:C4:0A,-52,2020-01-08 14:47:56.606908,15
80:E1:26:07:D2:6F,-55,2020-01-08 14:48:01.165284,30
80:E1:26:07:D2:6F,-55,2020-01-08 14:48:02.479289,30
80:E1:26:07:C4:0A,-83,2020-01-08 14:48:04.829249,121
80:E1:26:07:C4:0A,-56,2020-01-08 14:48:05.651987,15
80:E1:26:07:C4:0A,-87,2020-01-08 14:48:14.822246,121
80:E1:26:07:C4:0A,-56,2020-01-08 14:48:15.636718,15
80:E1:26:07:C4:0A,-84,2020-01-08 14:48:24.812855,121
80:E1:26:07:C4:0A,-60,2020-01-08 14:48:25.666646,15
80:E1:26:07:C4:0A,-72,2020-01-08 14:48:31.167168,30
80:E1:26:07:C4:0A,-72,2020-01-08 14:48:32.478471,30
80:E1:26:07:C4:0A,-80,2020-01-08 14:48:34.813890,121
80:E1:26:07:E0:F2,-84,2020-01-08 14:48:35.680633,15
80:E1:26:07:C4:0A,-75,2020-01-08 14:48:41.164401,30
80:E1:26:07:C4:0A,-75,2020-01-08 14:48:42.459277,30
80:E1:26:07:C4:0A,-75,2020-01-08 14:48:44.812242,121
80:E1:26:07:C4:0A,-53,2020-01-08 14:48:45.713524,15
80:E1:26:07:C4:0A,-82,2020-01-08 14:48:54.821588,121
80:E1:26:07:C4:0A,-57,2020-01-08 14:48:55.728807,15
80:E1:26:07:C4:0A,-78,2020-01-08 14:49:04.865748,121
80:E1:26:07:C4:0A,-58,2020-01-08 14:49:05.744151,15
80:E1:26:07:E0:F2,-82,2020-01-08 14:49:06.749198,15
80:E1:26:07:C4:0A,-80,2020-01-08 14:49:14.839183,121
80:E1:26:07:E0:F2,-78,2020-01-08 14:49:16.791267,15
80:E1:26:07:E0:F2,-87,2020-01-08 14:49:24.894142,121
80:E1:26:07:C4:0A,-52,2020-01-08 14:49:25.770625,15
80:E1:26:07:E0:F2,-81,2020-01-08 14:49:26.782114,15
80:E1:26:07:C4:0A,-68,2020-01-08 14:49:32.495617,30
80:E1:26:07:C4:0A,-68,2020-01-08 14:49:31.282591,30
80:E1:26:07:C4:0A,-56,2020-01-08 14:49:34.870189,121
80:E1:26:07:C4:0A,-73,2020-01-08 14:49:35.788625,15
80:E1:26:07:E0:F2,-81,2020-01-08 14:49:36.786832,15
80:E1:26:07:C4:0A,-76,2020-01-08 14:49:44.941524,121
80:E1:26:07:E0:F2,-81,2020-01-08 14:49:45.808039,15
80:E1:26:07:C4:0A,-54,2020-01-08 14:49:46.811022,15
80:E1:26:07:C4:0A,-66,2020-01-08 14:49:51.197472,30
80:E1:26:07:C4:0A,-81,2020-01-08 14:49:54.909506,121
80:E1:26:07:C4:0A,-66,2020-01-08 14:49:58.514346,30
80:E1:26:07:E0:F2,-73,2020-01-08 14:50:02.510484,30
80:E1:26:07:E0:F2,-73,2020-01-08 14:50:01.263080,30
80:E1:26:07:E0:F2,-86,2020-01-08 14:50:04.911895,121
80:E1:26:07:C4:0A,-59,2020-01-08 14:50:05.837383,15
80:E1:26:07:C4:0A,-88,2020-01-08 14:50:14.901015,121
80:E1:26:07:C4:0A,-55,2020-01-08 14:50:16.948802,15
80:E1:26:07:E0:F2,-69,2020-01-08 14:50:22.506823,30
80:E1:26:07:E0:F2,-69,2020-01-08 14:50:21.202732,30
80:E1:26:07:C4:0A,-76,2020-01-08 14:50:24.895358,121
80:E1:26:07:E0:F2,-78,2020-01-08 14:50:25.885479,15
80:E1:26:07:C4:0A,-55,2020-01-08 14:50:26.901057,15
80:E1:26:07:C4:0A,-72,2020-01-08 14:50:32.537205,30
80:E1:26:07:C4:0A,-72,2020-01-08 14:50:31.209286,30
80:E1:26:07:C4:0A,-80,2020-01-08 14:50:34.908179,121
80:E1:26:07:C4:0A,-56,2020-01-08 14:50:35.910999,15
80:E1:26:07:C4:0A,-78,2020-01-08 14:50:44.943255,121
80:E1:26:07:C4:0A,-55,2020-01-08 14:50:45.914029,15
80:E1:26:07:E0:F2,-90,2020-01-08 14:50:54.982689,121
80:E1:26:07:C4:0A,-53,2020-01-08 14:50:55.928387,15
80:E1:26:07:E0:F2,-88,2020-01-08 14:51:02.515888,30
80:E1:26:07:E0:F2,-88,2020-01-08 14:51:01.189090,30
80:E1:26:07:C4:0A,-61,2020-01-08 14:51:05.941553,15
80:E1:26:07:E0:F2,-75,2020-01-08 14:51:06.946392,15
80:E1:26:07:C4:0A,-76,2020-01-08 14:51:14.935739,121
80:E1:26:07:C4:0A,-53,2020-01-08 14:51:15.971292,15
80:E1:26:07:E0:F2,-73,2020-01-08 14:51:16.974260,15
80:E1:26:07:C4:0A,-80,2020-01-08 14:51:24.927945,121
80:E1:26:07:C4:0A,-56,2020-01-08 14:51:25.989903,15
80:E1:26:07:E0:F2,-74,2020-01-08 14:51:27.265121,15
80:E1:26:07:C4:0A,-89,2020-01-08 14:51:34.987056,121
80:E1:26:07:C4:0A,-59,2020-01-08 14:51:35.989024,15
80:E1:26:07:E0:F2,-81,2020-01-08 14:51:36.989551,15
80:E1:26:07:E0:F2,-76,2020-01-08 14:51:41.248174,30
80:E1:26:07:E0:F2,-76,2020-01-08 14:51:42.533487,30
80:E1:26:07:C4:0A,-84,2020-01-08 14:51:44.990495,121
80:E1:26:07:C4:0A,-57,2020-01-08 14:51:46.024440,15
80:E1:26:07:E0:F2,-79,2020-01-08 14:51:47.018100,15
80:E1:26:07:C4:0A,-80,2020-01-08 14:51:51.300717,30
80:E1:26:07:C4:0A,-80,2020-01-08 14:51:53.079777,30
80:E1:26:07:C4:0A,-85,2020-01-08 14:51:54.958923,121
80:E1:26:07:C4:0A,-59,2020-01-08 14:51:56.010237,15
80:E1:26:07:C4:0A,-72,2020-01-08 14:52:01.270092,30
80:E1:26:07:C4:0A,-72,2020-01-08 14:52:02.559075,30
80:E1:26:07:C4:0A,-79,2020-01-08 14:52:04.917674,121
80:E1:26:07:C4:0A,-55,2020-01-08 14:52:06.019131,15
80:E1:26:07:C4:0A,-77,2020-01-08 14:52:12.590467,30
80:E1:26:07:C4:0A,-77,2020-01-08 14:52:11.293198,30
80:E1:26:07:E0:F2,-83,2020-01-08 14:52:14.985504,121
80:E1:26:07:C4:0A,-74,2020-01-08 14:52:31.368954,30
80:E1:26:07:C4:0A,-74,2020-01-08 14:52:32.685866,30
80:E1:26:07:C4:0A,-75,2020-01-08 14:52:34.980350,121
80:E1:26:07:C4:0A,-66,2020-01-08 14:52:41.281626,33
80:E1:26:07:C4:0A,-66,2020-01-08 14:52:40.887640,33
80:E1:26:07:C4:0A,-67,2020-01-08 14:52:50.587705,33
80:E1:26:07:C4:0A,-67,2020-01-08 14:52:50.231533,33
80:E1:26:07:E0:F2,-74,2020-01-08 14:52:52.727037,30
80:E1:26:07:E0:F2,-74,2020-01-08 14:52:51.407330,30
80:E1:26:07:E0:F2,-83,2020-01-08 14:52:55.009229,121
80:E1:26:07:E0:F2,-53,2020-01-08 14:53:00.133915,33
80:E1:26:07:E0:F2,-53,2020-01-08 14:52:59.693209,33
80:E1:26:07:C4:0A,-70,2020-01-08 14:53:01.142917,33
80:E1:26:07:E0:F2,-83,2020-01-08 14:53:05.016494,121
80:E1:26:07:E0:F2,-59,2020-01-08 14:53:09.669911,33
80:E1:26:07:E0:F2,-59,2020-01-08 14:53:10.098830,33
80:E1:26:07:C4:0A,-65,2020-01-08 14:53:10.682129,33
80:E1:26:07:C4:0A,-80,2020-01-08 14:53:15.002321,121
80:E1:26:07:E0:F2,-61,2020-01-08 14:53:19.710664,33
80:E1:26:07:E0:F2,-61,2020-01-08 14:53:20.167109,33
80:E1:26:07:C4:0A,-67,2020-01-08 14:53:20.711665,33
80:E1:26:07:C4:0A,-64,2020-01-08 14:53:22.585706,30
80:E1:26:07:C4:0A,-64,2020-01-08 14:53:21.263308,30
80:E1:26:07:E0:F2,-79,2020-01-08 14:53:24.982029,121
80:E1:26:07:C4:0A,-67,2020-01-08 14:53:29.940188,33
80:E1:26:07:C4:0A,-67,2020-01-08 14:53:30.370229,33
80:E1:26:07:C4:0A,-86,2020-01-08 14:53:31.299566,30
80:E1:26:07:C4:0A,-86,2020-01-08 14:53:32.609076,30
80:E1:26:07:E0:F2,-92,2020-01-08 14:53:34.989673,121
80:E1:26:07:C4:0A,-66,2020-01-08 14:53:40.110710,33
80:E1:26:07:C4:0A,-66,2020-01-08 14:53:39.678597,33
80:E1:26:07:E0:F2,-55,2020-01-08 14:53:41.113408,33
80:E1:26:07:E0:F2,-81,2020-01-08 14:53:42.646485,30
80:E1:26:07:E0:F2,-81,2020-01-08 14:53:41.345907,30
80:E1:26:07:C4:0A,-72,2020-01-08 14:53:43.884520,30
80:E1:26:07:E0:F2,-54,2020-01-08 14:53:49.671239,33
80:E1:26:07:E0:F2,-54,2020-01-08 14:53:50.104119,33
80:E1:26:07:C4:0A,-68,2020-01-08 14:53:50.668377,33
80:E1:26:07:E3:79,-80,2020-01-08 14:53:51.673938,33
80:E1:26:07:E3:79,-80,2020-01-08 14:53:52.105110,33
80:E1:26:07:E3:79,-66,2020-01-08 14:53:55.014975,121
80:E1:26:07:C4:0A,-67,2020-01-08 14:53:59.673480,33
80:E1:26:07:C4:0A,-67,2020-01-08 14:54:00.099611,33
80:E1:26:07:E3:79,-76,2020-01-08 14:54:00.673170,33
80:E1:26:07:C4:0A,-67,2020-01-08 14:54:02.631329,30
80:E1:26:07:C4:0A,-67,2020-01-08 14:54:01.320566,30
80:E1:26:07:C4:0A,-78,2020-01-08 14:54:04.986041,121
80:E1:26:07:C4:0A,-70,2020-01-08 14:54:10.109810,33
80:E1:26:07:C4:0A,-70,2020-01-08 14:54:09.674378,33
80:E1:26:07:C4:0A,-78,2020-01-08 14:54:11.409249,30
80:E1:26:07:C4:0A,-78,2020-01-08 14:54:12.938352,30
80:E1:26:07:C4:0A,-80,2020-01-08 14:54:15.187167,121
80:E1:26:07:C4:0A,-66,2020-01-08 14:54:19.666191,33
80:E1:26:07:C4:0A,-66,2020-01-08 14:54:20.109752,33
80:E1:26:07:C4:0A,-76,2020-01-08 14:54:22.660321,30
80:E1:26:07:C4:0A,-76,2020-01-08 14:54:21.352229,30
80:E1:26:07:C4:0A,-82,2020-01-08 14:54:24.986196,121
80:E1:26:07:C4:0A,-74,2020-01-08 14:54:30.258333,33
80:E1:26:07:C4:0A,-74,2020-01-08 14:54:29.856797,33
80:E1:26:07:C4:0A,-74,2020-01-08 14:54:31.354195,30
80:E1:26:07:C4:0A,-81,2020-01-08 14:54:34.987132,121
80:E1:26:07:C4:0A,-66,2020-01-08 14:54:40.139880,33
80:E1:26:07:C4:0A,-66,2020-01-08 14:54:39.715679,33
80:E1:26:07:C4:0A,-74,2020-01-08 14:54:42.641743,30
80:E1:26:07:C4:0A,-74,2020-01-08 14:54:41.342400,30
80:E1:26:07:C4:0A,-82,2020-01-08 14:54:45.033101,121
80:E1:26:07:C4:0A,-73,2020-01-08 14:54:50.098938,33
80:E1:26:07:C4:0A,-73,2020-01-08 14:54:49.668358,33
80:E1:26:07:C4:0A,-79,2020-01-08 14:54:55.139150,121
80:E1:26:07:C4:0A,-78,2020-01-08 14:55:00.119615,33
80:E1:26:07:C4:0A,-78,2020-01-08 14:54:59.685270,33
80:E1:26:07:C4:0A,-86,2020-01-08 14:55:05.021052,121
80:E1:26:00:66:5F,-73,2020-01-08 14:55:09.478621,15
80:E1:26:07:C4:0A,-66,2020-01-08 14:55:10.103529,33
80:E1:26:07:C4:0A,-81,2020-01-08 14:55:15.037933,121
80:E1:26:07:C4:0A,-68,2020-01-08 14:55:20.092941,33
80:E1:26:07:C4:0A,-68,2020-01-08 14:55:19.660673,33
80:E1:26:07:C4:0A,-81,2020-01-08 14:55:25.149236,121
80:E1:26:07:C4:0A,-64,2020-01-08 14:55:30.121840,33
80:E1:26:07:C4:0A,-64,2020-01-08 14:55:29.697816,33
80:E1:26:07:C4:0A,-70,2020-01-08 14:55:32.647921,30
80:E1:26:07:C4:0A,-70,2020-01-08 14:55:31.437385,30
80:E1:26:07:C4:0A,-70,2020-01-08 14:55:35.071930,121
80:E1:26:07:C4:0A,-64,2020-01-08 14:55:39.685237,33
80:E1:26:07:C4:0A,-64,2020-01-08 14:55:40.110898,33
80:E1:26:07:C4:0A,-83,2020-01-08 14:55:45.119653,121
80:E1:26:07:C4:0A,-78,2020-01-08 14:55:52.646539,30
80:E1:26:07:C4:0A,-78,2020-01-08 14:55:51.334491,30
80:E1:26:07:E3:79,-74,2020-01-08 14:55:55.062551,121
80:E1:26:07:C4:0A,-55,2020-01-08 14:56:02.360143,15
80:E1:26:07:C4:0A,-71,2020-01-08 14:56:01.390435,30
80:E1:26:07:C4:0A,-72,2020-01-08 14:56:05.100451,121
80:E1:26:07:C4:0A,-53,2020-01-08 14:56:12.397906,15
80:E1:26:07:C4:0A,-85,2020-01-08 14:56:15.421356,121
80:E1:26:07:C4:0A,-53,2020-01-08 14:56:22.317624,15
80:E1:26:07:C4:0A,-71,2020-01-08 14:56:25.199866,121
80:E1:26:07:C4:0A,-51,2020-01-08 14:56:32.312617,15
80:E1:26:07:C4:0A,-82,2020-01-08 14:56:35.033270,121
80:E1:26:07:C4:0A,-67,2020-01-08 14:56:42.355759,15
80:E1:26:07:E0:F2,-74,2020-01-08 14:56:41.350843,30
80:E1:26:07:E0:F2,-84,2020-01-08 14:56:43.361517,15
80:E1:26:07:C4:0A,-65,2020-01-08 14:56:52.354400,15
80:E1:26:07:C4:0A,-72,2020-01-08 14:56:47.871408,121
80:E1:26:07:C4:0A,-54,2020-01-08 14:57:02.368370,15
80:E1:26:07:C4:0A,-72,2020-01-08 14:57:01.366027,30
80:E1:26:07:E0:F2,-75,2020-01-08 14:57:03.370121,15
80:E1:26:07:E0:F2,-86,2020-01-08 14:57:06.385339,121
80:E1:26:07:C4:0A,-54,2020-01-08 14:57:12.646813,15
80:E1:26:07:C4:0A,-71,2020-01-08 14:57:15.455484,121
80:E1:26:07:C4:0A,-51,2020-01-08 14:57:22.373562,15
80:E1:26:07:C4:0A,-67,2020-01-08 14:57:21.350527,30
80:E1:26:07:C4:0A,-50,2020-01-08 14:57:32.376256,15
80:E1:26:07:C4:0A,-74,2020-01-08 14:57:31.377569,30
80:E1:26:07:E0:F2,-79,2020-01-08 14:57:33.373716,15
80:E1:26:07:C4:0A,-53,2020-01-08 14:57:42.382014,15
80:E1:26:07:C4:0A,-53,2020-01-08 14:57:52.381145,15
80:E1:26:07:C4:0A,-54,2020-01-08 14:58:02.389530,15
80:E1:26:07:C4:0A,-72,2020-01-08 14:58:01.355275,30
80:E1:26:07:C4:0A,-51,2020-01-08 14:58:12.403128,15
80:E1:26:07:C4:0A,-61,2020-01-08 14:58:22.414630,15
80:E1:26:07:C4:0A,-51,2020-01-08 14:58:32.410310,15
80:E1:26:07:C4:0A,-71,2020-01-08 14:58:28.316761,121
80:E1:26:07:C4:0A,-82,2020-01-08 14:58:31.389522,30
80:E1:26:07:C4:0A,-50,2020-01-08 14:58:42.446386,15
80:E1:26:07:C4:0A,-50,2020-01-08 14:58:52.456978,15
80:E1:26:07:C4:0A,-69,2020-01-08 14:58:51.361241,30
80:E1:26:07:E0:F2,-85,2020-01-08 14:58:56.237897,121
80:E1:26:07:C4:0A,-51,2020-01-08 14:59:02.454081,15
80:E1:26:07:C4:0A,-75,2020-01-08 14:59:01.399951,30
80:E1:26:07:C4:0A,-73,2020-01-08 14:59:05.114900,121
80:E1:26:07:E0:F2,-83,2020-01-08 14:59:15.154943,121
80:E1:26:07:C4:0A,-53,2020-01-08 14:59:22.477391,15
80:E1:26:07:C4:0A,-82,2020-01-08 14:59:24.566121,121
80:E1:26:07:C4:0A,-82,2020-01-08 14:59:25.098124,121
80:E1:26:07:C4:0A,-52,2020-01-08 14:59:32.507977,15
80:E1:26:07:C4:0A,-70,2020-01-08 14:59:34.534540,121
80:E1:26:07:C4:0A,-70,2020-01-08 14:59:35.117295,121
80:E1:26:07:C4:0A,-50,2020-01-08 14:59:42.502036,15
80:E1:26:07:C4:0A,-71,2020-01-08 14:59:44.562064,121
80:E1:26:07:C4:0A,-71,2020-01-08 14:59:43.534675,121
80:E1:26:07:C4:0A,-50,2020-01-08 14:59:52.510554,15
80:E1:26:07:C4:0A,-66,2020-01-08 14:59:51.386093,30
80:E1:26:07:C4:0A,-88,2020-01-08 14:59:54.882693,121
80:E1:26:07:C4:0A,-88,2020-01-08 14:59:53.832432,121
80:E1:26:07:C4:0A,-53,2020-01-08 15:00:02.514339,15
80:E1:26:07:E0:F2,-77,2020-01-08 15:00:03.555853,15
80:E1:26:07:C4:0A,-72,2020-01-08 15:00:03.503359,121
80:E1:26:07:E0:F2,-82,2020-01-08 15:00:05.815367,121
80:E1:26:07:E0:F2,-77,2020-01-08 15:00:12.519766,15
80:E1:26:07:C4:0A,-75,2020-01-08 15:00:11.470756,30
80:E1:26:07:E0:F2,-84,2020-01-08 15:00:14.575106,121
80:E1:26:07:E0:F2,-84,2020-01-08 15:00:13.530441,121
80:E1:26:07:C4:0A,-82,2020-01-08 15:00:15.554494,121
80:E1:26:07:C4:0A,-51,2020-01-08 15:00:22.531960,15
80:E1:26:07:E0:F2,-78,2020-01-08 15:00:21.421049,30
80:E1:26:07:E0:F2,-78,2020-01-08 15:00:23.538839,15
80:E1:26:07:E0:F2,-85,2020-01-08 15:00:23.527784,121
80:E1:26:07:E0:F2,-85,2020-01-08 15:00:24.553558,121
80:E1:26:07:C4:0A,-53,2020-01-08 15:00:32.553576,15
80:E1:26:07:E0:F2,-79,2020-01-08 15:00:31.456342,30
80:E1:26:07:E0:F2,-82,2020-01-08 15:00:33.545630,121
80:E1:26:07:E0:F2,-81,2020-01-08 15:00:33.544191,15
80:E1:26:07:C4:0A,-49,2020-01-08 15:00:43.211627,15
80:E1:26:07:E0:F2,-85,2020-01-08 15:00:43.547968,121
80:E1:26:07:E0:F2,-85,2020-01-08 15:00:46.226210,121
80:E1:26:07:E0:F2,-75,2020-01-08 15:00:52.589596,15
80:E1:26:07:E0:F2,-74,2020-01-08 15:00:51.443181,30
80:E1:26:07:C4:0A,-50,2020-01-08 15:00:53.586535,15
80:E1:26:07:C4:0A,-51,2020-01-08 15:01:02.614792,15
80:E1:26:07:C4:0A,-70,2020-01-08 15:01:04.629606,121
80:E1:26:07:C4:0A,-70,2020-01-08 15:01:03.579269,121
80:E1:26:07:C4:0A,-51,2020-01-08 15:01:12.614136,15
80:E1:26:07:C4:0A,-72,2020-01-08 15:01:15.055745,121
80:E1:26:07:C4:0A,-72,2020-01-08 15:01:13.993967,121
80:E1:26:07:C4:0A,-50,2020-01-08 15:01:22.643486,15
80:E1:26:07:C4:0A,-76,2020-01-08 15:01:21.459697,30
80:E1:26:07:E0:F2,-80,2020-01-08 15:01:24.038265,15
80:E1:26:07:C4:0A,-76,2020-01-08 15:01:23.593167,121
80:E1:26:07:E0:F2,-82,2020-01-08 15:01:25.629209,121
80:E1:26:07:C4:0A,-52,2020-01-08 15:01:32.667653,15
80:E1:26:07:C4:0A,-69,2020-01-08 15:01:31.418583,30
80:E1:26:07:C4:0A,-75,2020-01-08 15:01:34.641179,121
80:E1:26:07:C4:0A,-75,2020-01-08 15:01:33.625016,121
80:E1:26:07:C4:0A,-47,2020-01-08 15:01:42.668412,15
80:E1:26:07:E0:F2,-81,2020-01-08 15:01:44.013221,15
80:E1:26:07:E0:F2,-72,2020-01-08 15:01:51.468626,30
80:E1:26:07:C4:0A,-54,2020-01-08 15:01:52.683688,15
80:E1:26:07:C4:0A,-77,2020-01-08 15:01:54.070682,30
80:E1:26:07:C4:0A,-77,2020-01-08 15:01:56.858966,121
80:E1:26:07:C4:0A,-72,2020-01-08 15:01:43.696359,121
80:E1:26:07:C4:0A,-51,2020-01-08 15:02:03.168298,15
80:E1:26:07:E0:F2,-82,2020-01-08 15:02:04.635689,121
80:E1:26:07:E0:F2,-82,2020-01-08 15:02:03.607816,121
80:E1:26:07:C4:0A,-76,2020-01-08 15:02:11.428617,30
80:E1:26:07:C4:0A,-52,2020-01-08 15:02:12.712376,15
80:E1:26:07:C4:0A,-77,2020-01-08 15:02:13.610728,121
80:E1:26:07:C4:0A,-77,2020-01-08 15:02:14.632590,121
80:E1:26:07:E0:F2,-84,2020-01-08 15:02:22.706020,15
80:E1:26:07:E0:F2,-78,2020-01-08 15:02:21.461417,30
80:E1:26:07:C4:0A,-53,2020-01-08 15:02:23.713548,15
80:E1:26:07:E0:F2,-80,2020-01-08 15:02:31.825966,121
80:E1:26:07:C4:0A,-74,2020-01-08 15:02:30.759860,121
80:E1:26:07:C4:0A,-66,2020-01-08 15:02:31.539765,30
80:E1:26:07:E0:F2,-83,2020-01-08 15:02:33.739062,15
80:E1:26:07:E0:F2,-69,2020-01-08 15:02:41.512424,30
80:E1:26:07:C4:0A,-52,2020-01-08 15:02:42.761500,15
80:E1:26:07:E0:F2,-82,2020-01-08 15:02:44.909612,121
80:E1:26:07:E0:F2,-82,2020-01-08 15:02:43.856740,121
80:E1:26:07:C4:0A,-67,2020-01-08 15:02:52.755507,30
80:E1:26:07:C4:0A,-67,2020-01-08 15:02:51.422255,30
80:E1:26:07:C4:0A,-74,2020-01-08 15:02:54.619211,121
80:E1:26:07:C4:0A,-74,2020-01-08 15:02:53.563094,121
80:E1:26:07:E0:F2,-72,2020-01-08 15:03:02.763727,30
80:E1:26:07:E0:F2,-72,2020-01-08 15:03:01.462554,30
80:E1:26:07:E0:F2,-80,2020-01-08 15:03:03.789752,15
80:E1:26:07:C4:0A,-73,2020-01-08 15:03:03.578729,121
80:E1:26:07:E0:F2,-80,2020-01-08 15:03:05.612334,121
80:E1:26:07:C4:0A,-51,2020-01-08 15:03:12.788131,15
80:E1:26:07:C4:0A,-50,2020-01-08 15:03:22.823428,15
80:E1:26:07:C4:0A,-73,2020-01-08 15:03:22.612382,121
80:E1:26:07:C4:0A,-75,2020-01-08 15:03:24.633603,121
80:E1:26:07:C4:0A,-80,2020-01-08 15:03:31.445533,30
80:E1:26:07:C4:0A,-80,2020-01-08 15:03:32.850721,30
80:E1:26:07:C4:0A,-78,2020-01-08 15:03:33.583964,121
80:E1:26:07:C4:0A,-81,2020-01-08 15:03:42.793183,30
80:E1:26:07:C4:0A,-81,2020-01-08 15:03:41.474521,30
80:E1:26:07:C4:0A,-75,2020-01-08 15:03:43.743784,121
80:E1:26:07:C4:0A,-75,2020-01-08 15:03:53.610510,121
80:E1:26:07:C4:0A,-68,2020-01-08 15:04:01.458721,30
80:E1:26:07:C4:0A,-76,2020-01-08 15:04:03.626208,121
80:E1:26:07:C4:0A,-75,2020-01-08 15:04:13.575195,121
80:E1:26:07:E0:F2,-82,2020-01-08 15:04:14.890312,121
80:E1:26:07:E0:F2,-68,2020-01-08 15:04:21.481488,30
80:E1:26:07:E0:F2,-81,2020-01-08 15:04:23.575795,121
80:E1:26:07:E0:F2,-79,2020-01-08 15:04:31.521486,30
80:E1:26:07:C4:0A,-76,2020-01-08 15:04:33.581110,121
80:E1:26:07:C4:0A,-79,2020-01-08 15:04:43.623981,121
80:E1:26:07:C4:0A,-64,2020-01-08 15:04:51.473998,30
80:E1:26:07:C4:0A,-78,2020-01-08 15:04:53.626358,121
80:E1:26:07:C4:0A,-73,2020-01-08 15:05:01.503651,30
80:E1:26:07:C4:0A,-77,2020-01-08 15:05:03.610557,121
80:E1:26:07:C4:0A,-71,2020-01-08 15:05:11.530478,30
80:E1:26:07:C4:0A,-72,2020-01-08 15:05:13.639782,121
80:E1:26:07:C4:0A,-76,2020-01-08 15:05:21.596983,30
80:E1:26:07:C4:0A,-75,2020-01-08 15:05:23.634984,121
80:E1:26:07:C4:0A,-74,2020-01-08 15:05:33.630811,121
80:E1:26:07:C4:0A,-80,2020-01-08 15:05:43.597068,121
80:E1:26:07:C4:0A,-80,2020-01-08 15:06:03.650627,121
80:E1:26:07:C4:0A,-82,2020-01-08 15:06:13.602945,121
80:E1:26:07:C4:0A,-81,2020-01-08 15:06:23.622666,121
80:E1:26:07:C4:0A,-87,2020-01-08 15:06:33.619831,121
80:E1:26:07:C4:0A,-82,2020-01-08 15:06:43.636389,121
80:E1:26:07:C4:0A,-82,2020-01-08 15:06:53.657828,121
80:E1:26:07:C4:0A,-74,2020-01-08 15:07:03.620571,121
80:E1:26:07:C4:0A,-77,2020-01-08 15:07:13.682238,121
80:E1:26:07:C4:0A,-82,2020-01-08 15:07:23.747325,121
80:E1:26:07:C4:0A,-79,2020-01-08 15:07:33.658163,121
80:E1:26:07:C4:0A,-77,2020-01-08 15:07:43.653489,121
80:E1:26:07:C4:0A,-78,2020-01-08 15:07:53.753517,121
80:E1:26:07:C4:0A,-78,2020-01-08 15:08:03.626915,121
80:E1:26:07:C4:0A,-81,2020-01-08 15:08:13.624252,121
80:E1:26:07:C4:0A,-77,2020-01-08 15:08:23.659135,121
80:E1:26:07:C4:0A,-81,2020-01-08 15:08:33.693117,121
80:E1:26:07:C4:0A,-86,2020-01-08 15:08:43.693314,121
80:E1:26:07:C4:0A,-80,2020-01-08 15:08:53.665376,121
80:E1:26:07:C4:0A,-79,2020-01-08 15:09:03.674746,121
80:E1:26:07:C4:0A,-76,2020-01-08 15:09:14.071495,121
80:E1:26:07:C4:0A,-81,2020-01-08 15:09:23.696444,121
80:E1:26:07:C4:0A,-84,2020-01-08 15:09:34.224700,121
80:E1:26:07:C4:0A,-78,2020-01-08 15:09:43.694365,121
80:E1:26:07:D2:6F,-88,2020-01-08 15:09:53.733162,121
80:E1:26:07:C4:0A,-78,2020-01-08 15:10:03.700388,121
80:E1:26:07:D2:6F,-83,2020-01-08 15:10:13.664031,121
80:E1:26:07:D2:6F,-79,2020-01-08 15:10:23.671199,121
80:E1:26:07:E0:F2,-96,2020-01-08 15:10:33.671614,121
80:E1:26:07:C4:0A,-84,2020-01-08 15:10:43.659413,121
80:E1:26:07:E0:F2,-87,2020-01-08 15:10:53.716388,121
80:E1:26:07:C4:0A,-84,2020-01-08 15:11:03.697746,121
80:E1:26:07:C4:0A,-51,2020-01-08 15:11:13.161635,15
80:E1:26:07:C4:0A,-50,2020-01-08 15:11:23.171342,15
80:E1:26:07:C4:0A,-79,2020-01-08 15:11:24.754719,121
80:E1:26:07:C4:0A,-79,2020-01-08 15:11:23.701466,121
80:E1:26:07:C4:0A,-50,2020-01-08 15:11:33.164200,15
80:E1:26:07:E0:F2,-79,2020-01-08 15:11:34.181109,15
80:E1:26:07:C4:0A,-75,2020-01-08 15:11:33.698004,121
80:E1:26:07:E0:F2,-87,2020-01-08 15:11:36.019752,121
80:E1:26:07:C4:0A,-52,2020-01-08 15:11:43.614621,15
80:E1:26:07:C4:0A,-78,2020-01-08 15:11:43.701100,121
80:E1:26:07:C4:0A,-78,2020-01-08 15:11:44.764064,121
80:E1:26:07:C4:0A,-65,2020-01-08 15:12:21.774836,30
80:E1:26:07:E0:F2,-88,2020-01-08 15:12:24.762844,121
80:E1:26:07:E0:F2,-88,2020-01-08 15:12:23.703448,121
80:E1:26:07:D2:6F,-61,2020-01-08 15:12:33.164601,30
80:E1:26:07:E0:F2,-75,2020-01-08 15:12:34.164630,30
80:E1:26:07:D2:6F,-79,2020-01-08 15:12:33.816866,121
80:E1:26:07:E0:F2,-82,2020-01-08 15:12:35.837652,121
80:E1:26:07:E0:F2,-82,2020-01-08 15:12:35.398480,121
80:E1:26:07:D2:6F,-54,2020-01-08 15:12:43.171725,30
80:E1:26:07:E0:F2,-84,2020-01-08 15:12:47.717127,121
80:E1:26:07:D2:6F,-57,2020-01-08 15:12:54.090875,30
80:E1:26:07:D2:6F,-76,2020-01-08 15:12:56.528451,121
80:E1:26:07:E0:F2,-84,2020-01-08 15:12:46.693796,121
80:E1:26:07:D2:6F,-74,2020-01-08 15:13:03.263099,15
80:E1:26:07:E0:F2,-90,2020-01-08 15:13:04.816238,121
80:E1:26:07:E0:F2,-90,2020-01-08 15:13:04.105014,121
80:E1:26:07:D2:6F,-48,2020-01-08 15:13:13.197232,30
80:E1:26:07:D2:6F,-48,2020-01-08 15:13:11.869777,30
80:E1:26:07:D2:6F,-71,2020-01-08 15:13:14.271498,15
80:E1:26:07:D2:6F,-57,2020-01-08 15:13:21.902352,30
80:E1:26:07:D2:6F,-77,2020-01-08 15:13:23.411991,15
80:E1:26:07:D2:6F,-58,2020-01-08 15:13:53.309560,30
80:E1:26:07:D2:6F,-58,2020-01-08 15:13:51.895074,30
80:E1:26:07:D2:6F,-52,2020-01-08 15:14:03.221098,30
80:E1:26:07:D2:6F,-52,2020-01-08 15:14:01.912172,30
80:E1:26:07:D2:6F,-50,2020-01-08 15:14:11.894582,30
80:E1:26:07:D2:6F,-50,2020-01-08 15:14:13.226437,30
80:E1:26:07:E0:F2,-85,2020-01-08 15:14:17.083471,121
80:E1:26:07:E0:F2,-85,2020-01-08 15:14:16.026327,121
80:E1:26:07:D2:6F,-77,2020-01-08 15:14:21.849551,121
80:E1:26:07:D2:6F,-73,2020-01-08 15:14:23.325320,15
80:E1:26:07:D2:6F,-51,2020-01-08 15:14:21.898677,30
80:E1:26:07:D2:6F,-83,2020-01-08 15:14:26.873659,121
80:E1:26:07:D2:6F,-83,2020-01-08 15:14:26.094121,121
80:E1:26:07:D2:6F,-55,2020-01-08 15:14:31.891831,30
80:E1:26:07:D2:6F,-55,2020-01-08 15:14:33.214745,30
80:E1:26:07:D2:6F,-83,2020-01-08 15:14:38.028453,121
80:E1:26:07:D2:6F,-61,2020-01-08 15:14:42.005648,30
80:E1:26:07:D2:6F,-76,2020-01-08 15:14:43.597342,15
80:E1:26:07:D2:6F,-78,2020-01-08 15:14:43.740769,121
80:E1:26:07:D2:6F,-78,2020-01-08 15:14:45.067714,121
80:E1:26:07:E3:79,-75,2020-01-08 15:15:03.223342,30
80:E1:26:07:E3:79,-75,2020-01-08 15:15:01.917089,30
80:E1:26:07:E0:F2,-79,2020-01-08 15:15:04.292989,15
80:E1:26:07:E3:79,-61,2020-01-08 15:15:03.778006,121
80:E1:26:07:E0:F2,-84,2020-01-08 15:15:05.802373,121
80:E1:26:07:E0:F2,-81,2020-01-08 15:15:13.233624,30
80:E1:26:07:E0:F2,-81,2020-01-08 15:15:11.905681,30
80:E1:26:07:E0:F2,-89,2020-01-08 15:15:15.400857,121
80:E1:26:07:E0:F2,-89,2020-01-08 15:15:14.477851,121
80:E1:26:07:E0:F2,-77,2020-01-08 15:15:21.976054,30
80:E1:26:07:E0:F2,-77,2020-01-08 15:15:23.297021,30
80:E1:26:07:E0:F2,-85,2020-01-08 15:15:24.831967,121
80:E1:26:07:E0:F2,-85,2020-01-08 15:15:23.773228,121
80:E1:26:07:E0:F2,-82,2020-01-08 15:15:33.318986,15
80:E1:26:07:D2:6F,-74,2020-01-08 15:15:34.312586,15
80:E1:26:07:E0:F2,-87,2020-01-08 15:15:33.778943,121
80:E1:26:07:D2:6F,-52,2020-01-08 15:15:43.255296,30
80:E1:26:07:D2:6F,-52,2020-01-08 15:15:41.966821,30
80:E1:26:07:D2:6F,-79,2020-01-08 15:15:44.322706,15
80:E1:26:07:E0:F2,-83,2020-01-08 15:15:44.168224,121
80:E1:26:07:D2:6F,-93,2020-01-08 15:15:45.833663,121
80:E1:26:07:E0:F2,-76,2020-01-08 15:15:53.334327,15
80:E1:26:07:D2:6F,-58,2020-01-08 15:16:43.282845,30
80:E1:26:07:D2:6F,-58,2020-01-08 15:16:41.965832,30
80:E1:26:07:D2:6F,-52,2020-01-08 15:16:51.919456,30
80:E1:26:07:D2:6F,-52,2020-01-08 15:16:53.243652,30
80:E1:26:07:D2:6F,-85,2020-01-08 15:16:53.824304,121
80:E1:26:07:D2:6F,-82,2020-01-08 15:17:04.841093,121
80:E1:26:07:D2:6F,-82,2020-01-08 15:17:03.795490,121
80:E1:26:07:D2:6F,-76,2020-01-08 15:17:13.351625,15
80:E1:26:07:D2:6F,-75,2020-01-08 15:17:13.864483,121
80:E1:26:07:D2:6F,-75,2020-01-08 15:17:14.877608,121
80:E1:26:07:D2:6F,-52,2020-01-08 15:17:21.921804,30
80:E1:26:07:D2:6F,-52,2020-01-08 15:17:23.285400,30
80:E1:26:07:D2:6F,-84,2020-01-08 15:17:24.027762,121
80:E1:26:07:D2:6F,-84,2020-01-08 15:17:25.057996,121
80:E1:26:07:D2:6F,-59,2020-01-08 15:17:33.307251,30
80:E1:26:07:D2:6F,-59,2020-01-08 15:17:31.960204,30
80:E1:26:07:D2:6F,-82,2020-01-08 15:17:34.860614,121
80:E1:26:07:D2:6F,-82,2020-01-08 15:17:33.807370,121
80:E1:26:07:D2:6F,-77,2020-01-08 15:17:54.844390,121
80:E1:26:07:D2:6F,-77,2020-01-08 15:17:53.786014,121
80:E1:26:07:E0:F2,-74,2020-01-08 15:18:23.280174,30
80:E1:26:07:E0:F2,-74,2020-01-08 15:18:21.920981,30
80:E1:26:07:E0:F2,-90,2020-01-08 15:18:24.849366,121
80:E1:26:07:E0:F2,-90,2020-01-08 15:18:23.797950,121
80:E1:26:07:D2:6F,-54,2020-01-08 15:18:43.260027,30
80:E1:26:07:D2:6F,-54,2020-01-08 15:18:41.925599,30
80:E1:26:07:D2:6F,-77,2020-01-08 15:18:44.823169,121
80:E1:26:07:D2:6F,-77,2020-01-08 15:18:43.783570,121
80:E1:26:07:E0:F2,-73,2020-01-08 15:18:53.268615,30
80:E1:26:07:E0:F2,-73,2020-01-08 15:18:51.917579,30
80:E1:26:07:E0:F2,-83,2020-01-08 15:18:54.455207,15
80:E1:26:07:E3:79,-74,2020-01-08 15:18:53.789233,121
80:E1:26:07:E0:F2,-82,2020-01-08 15:19:03.440730,15
80:E1:26:07:E0:F2,-93,2020-01-08 15:19:04.851519,121
80:E1:26:07:E0:F2,-93,2020-01-08 15:19:03.786668,121
80:E1:26:07:E0:F2,-72,2020-01-08 15:19:13.256142,30
80:E1:26:07:E0:F2,-72,2020-01-08 15:19:11.924828,30
80:E1:26:07:E0:F2,-81,2020-01-08 15:19:23.257339,30
80:E1:26:07:E0:F2,-81,2020-01-08 15:19:21.918444,30
80:E1:26:07:E0:F2,-82,2020-01-08 15:19:31.929632,30
80:E1:26:07:E0:F2,-82,2020-01-08 15:19:33.276706,30
80:E1:26:07:E0:F2,-87,2020-01-08 15:19:34.835673,121
80:E1:26:07:E0:F2,-87,2020-01-08 15:19:33.792463,121
80:E1:26:07:E0:F2,-72,2020-01-08 15:19:41.987237,30
80:E1:26:07:E0:F2,-72,2020-01-08 15:19:43.285323,30
80:E1:26:07:E0:F2,-88,2020-01-08 15:19:44.873349,121
80:E1:26:07:E0:F2,-88,2020-01-08 15:19:44.310307,121
80:E1:26:07:E0:F2,-82,2020-01-08 15:19:53.447351,15
80:E1:26:07:E0:F2,-58,2020-01-08 15:20:23.277124,30
80:E1:26:07:E0:F2,-58,2020-01-08 15:20:21.982111,30
80:E1:26:07:E0:F2,-87,2020-01-08 15:20:24.857040,121
80:E1:26:07:E0:F2,-87,2020-01-08 15:20:23.828771,121
80:E1:26:07:E0:F2,-83,2020-01-08 15:20:33.507446,15
80:E1:26:07:E3:79,-71,2020-01-08 15:20:34.510447,15
80:E1:26:07:E3:79,-74,2020-01-08 15:20:33.831404,121
80:E1:26:07:E0:F2,-85,2020-01-08 15:20:36.144679,121
80:E1:26:07:D2:6F,-49,2020-01-08 15:20:43.294701,30
80:E1:26:07:D2:6F,-49,2020-01-08 15:20:41.954232,30
80:E1:26:07:E0:F2,-79,2020-01-08 15:20:44.515307,15
80:E1:26:07:D2:6F,-77,2020-01-08 15:20:43.788149,121
80:E1:26:07:E3:79,-68,2020-01-08 15:20:45.857049,121
80:E1:26:07:E0:F2,-85,2020-01-08 15:20:46.836435,121
80:E1:26:07:E0:F2,-85,2020-01-08 15:20:45.794690,121
80:E1:26:07:D2:6F,-52,2020-01-08 15:20:53.286657,30
80:E1:26:07:D2:6F,-52,2020-01-08 15:20:51.971770,30
80:E1:26:07:D2:6F,-78,2020-01-08 15:20:53.830578,121
80:E1:26:07:E3:79,-67,2020-01-08 15:20:55.878561,121
80:E1:26:07:E0:F2,-84,2020-01-08 15:20:55.842367,121
80:E1:26:07:E0:F2,-84,2020-01-08 15:21:03.303212,30
80:E1:26:07:E0:F2,-84,2020-01-08 15:21:01.978848,30
80:E1:26:07:E3:79,-67,2020-01-08 15:21:03.807893,121
80:E1:26:07:E3:79,-67,2020-01-08 15:21:04.862085,121
80:E1:26:07:D2:6F,-82,2020-01-08 15:21:05.869546,121
80:E1:26:07:D2:6F,-82,2020-01-08 15:21:06.877406,121
80:E1:26:07:E3:79,-72,2020-01-08 15:21:13.808534,121
80:E1:26:07:E3:79,-72,2020-01-08 15:21:14.853507,121
80:E1:26:07:E3:79,-75,2020-01-08 15:21:23.289160,30
80:E1:26:07:E3:79,-75,2020-01-08 15:21:21.948556,30
80:E1:26:07:E3:79,-70,2020-01-08 15:21:23.866653,121
80:E1:26:07:E3:79,-70,2020-01-08 15:21:24.901345,121
80:E1:26:07:E3:79,-72,2020-01-08 15:21:33.295153,30
80:E1:26:07:E3:79,-72,2020-01-08 15:21:31.968277,30
80:E1:26:07:E3:79,-68,2020-01-08 15:21:33.868990,121
80:E1:26:07:E3:79,-68,2020-01-08 15:21:34.912831,121
80:E1:26:07:E0:F2,-91,2020-01-08 15:22:34.886523,121
80:E1:26:07:E0:F2,-91,2020-01-08 15:22:33.830053,121
80:E1:26:07:D2:6F,-45,2020-01-08 15:23:11.945460,30
80:E1:26:07:D2:6F,-75,2020-01-08 15:23:13.839002,121
80:E1:26:07:D2:6F,-45,2020-01-08 15:23:13.285688,30
80:E1:26:07:E0:F2,-72,2020-01-08 15:23:30.344103,15
80:E1:26:07:E0:F2,-75,2020-01-08 15:23:32.008163,30
80:E1:26:07:E0:F2,-75,2020-01-08 15:23:33.296437,30
80:E1:26:07:E0:F2,-85,2020-01-08 15:23:33.864917,121
80:E1:26:07:E0:F2,-85,2020-01-08 15:23:35.145200,121
80:E1:26:07:E0:F2,-88,2020-01-08 15:23:43.838731,121
80:E1:26:07:E0:F2,-88,2020-01-08 15:23:44.877791,121
80:E1:26:07:E0:F2,-70,2020-01-08 15:23:53.307060,30
80:E1:26:07:E0:F2,-70,2020-01-08 15:23:51.965147,30
80:E1:26:07:E0:F2,-86,2020-01-08 15:23:53.957960,121
80:E1:26:07:E0:F2,-86,2020-01-08 15:23:56.198220,121
80:E1:26:07:E0:F2,-86,2020-01-08 15:24:03.831240,121
80:E1:26:07:E0:F2,-86,2020-01-08 15:24:05.177824,121
80:E1:26:07:E0:F2,-89,2020-01-08 15:24:13.838914,121
80:E1:26:07:E0:F2,-89,2020-01-08 15:24:24.019198,121
80:E1:26:07:E0:F2,-88,2020-01-08 15:24:23.868477,121
80:E1:26:07:E0:F2,-85,2020-01-08 15:24:53.866623,121
80:E1:26:07:E0:F2,-85,2020-01-08 15:24:54.907318,121
80:E1:26:07:E0:F2,-80,2020-01-08 15:25:13.344893,30
80:E1:26:07:E0:F2,-80,2020-01-08 15:25:11.999784,30
80:E1:26:07:E0:F2,-87,2020-01-08 15:25:13.878217,121
80:E1:26:07:E0:F2,-87,2020-01-08 15:25:15.183892,121
80:E1:26:07:E0:F2,-72,2020-01-08 15:25:21.992539,30
80:E1:26:07:E0:F2,-72,2020-01-08 15:25:23.600368,30
80:E1:26:07:E0:F2,-90,2020-01-08 15:25:23.850959,121
80:E1:26:07:E0:F2,-77,2020-01-08 15:25:31.991728,30
80:E1:26:07:E0:F2,-77,2020-01-08 15:25:34.216811,30
80:E1:26:07:E0:F2,-86,2020-01-08 15:25:33.871730,121
80:E1:26:07:E0:F2,-86,2020-01-08 15:25:36.216986,121
80:E1:26:07:E0:F2,-70,2020-01-08 15:25:41.995714,30
80:E1:26:07:E0:F2,-70,2020-01-08 15:25:43.307015,30
80:E1:26:07:E0:F2,-86,2020-01-08 15:25:44.177587,121
80:E1:26:07:C4:0A,-62,2020-01-08 15:26:40.481899,15
80:E1:26:07:C4:0A,-70,2020-01-08 15:26:43.326501,30
80:E1:26:07:C4:0A,-70,2020-01-08 15:26:42.043821,30
80:E1:26:07:C4:0A,-81,2020-01-08 15:26:44.897563,121
80:E1:26:07:C4:0A,-81,2020-01-08 15:26:43.881117,121
80:E1:26:07:C4:0A,-57,2020-01-08 15:26:50.220327,15
80:E1:26:07:C4:0A,-78,2020-01-08 15:26:54.917089,121
80:E1:26:07:C4:0A,-78,2020-01-08 15:26:53.874321,121
80:E1:26:07:C4:0A,-80,2020-01-08 15:27:03.868097,121
80:E1:26:07:C4:0A,-81,2020-01-08 15:27:13.907522,121
80:E1:26:07:C4:0A,-50,2020-01-08 15:27:00.203362,15
80:E1:26:07:C4:0A,-79,2020-01-08 15:27:23.868172,121
80:E1:26:07:C4:0A,-79,2020-01-08 15:27:24.899486,121
80:E1:26:07:C4:0A,-82,2020-01-08 15:27:33.867254,121
80:E1:26:07:C4:0A,-82,2020-01-08 15:27:34.906947,121
80:E1:26:07:C4:0A,-76,2020-01-08 15:28:12.023264,30
80:E1:26:07:C4:0A,-76,2020-01-08 15:28:13.655077,30
80:E1:26:07:C4:0A,-86,2020-01-08 15:28:13.867575,121
80:E1:26:07:C4:0A,-76,2020-01-08 15:28:22.117607,30
80:E1:26:07:C4:0A,-76,2020-01-08 15:28:23.394741,30
80:E1:26:07:C4:0A,-87,2020-01-08 15:28:24.915242,121
80:E1:26:07:C4:0A,-87,2020-01-08 15:28:23.882997,121
80:E1:26:07:D2:6F,-64,2020-01-08 15:28:32.083491,30
80:E1:26:07:D2:6F,-64,2020-01-08 15:28:33.404282,30
80:E1:26:07:D2:6F,-84,2020-01-08 15:28:33.878808,121
80:E1:26:07:C4:0A,-83,2020-01-08 15:28:35.917623,121
80:E1:26:07:D2:6F,-46,2020-01-08 15:28:43.384849,30
80:E1:26:07:D2:6F,-46,2020-01-08 15:28:42.046073,30
80:E1:26:07:D2:6F,-86,2020-01-08 15:28:43.870697,121
80:E1:26:07:D2:6F,-86,2020-01-08 15:28:44.915754,121
80:E1:26:07:C4:0A,-74,2020-01-08 15:28:52.181738,30
80:E1:26:07:C4:0A,-74,2020-01-08 15:28:53.435687,30
80:E1:26:07:C4:0A,-78,2020-01-08 15:28:53.869226,121
80:E1:26:07:D2:6F,-81,2020-01-08 15:28:55.921741,121
80:E1:26:07:D2:6F,-48,2020-01-08 15:29:03.432133,30
80:E1:26:07:D2:6F,-48,2020-01-08 15:29:02.160542,30
80:E1:26:07:D2:6F,-87,2020-01-08 15:29:03.836596,121
80:E1:26:07:D2:6F,-87,2020-01-08 15:29:04.878706,121
80:E1:26:07:D2:6F,-48,2020-01-08 15:29:13.463108,30
80:E1:26:07:D2:6F,-48,2020-01-08 15:29:12.192698,30
80:E1:26:07:D2:6F,-78,2020-01-08 15:29:13.976941,121
80:E1:26:07:D2:6F,-78,2020-01-08 15:29:15.016785,121
80:E1:26:07:C4:0A,-86,2020-01-08 15:29:44.892683,121
80:E1:26:07:C4:0A,-86,2020-01-08 15:29:43.871840,121
80:E1:26:07:C4:0A,-76,2020-01-08 15:29:53.471176,30
80:E1:26:07:C4:0A,-76,2020-01-08 15:29:52.150130,30
80:E1:26:07:C4:0A,-82,2020-01-08 15:29:54.920047,121
80:E1:26:07:C4:0A,-82,2020-01-08 15:29:53.870339,121
80:E1:26:07:C4:0A,-81,2020-01-08 15:30:03.479167,30
80:E1:26:07:C4:0A,-81,2020-01-08 15:30:02.187608,30
80:E1:26:07:C4:0A,-79,2020-01-08 15:30:04.921842,121
80:E1:26:07:C4:0A,-79,2020-01-08 15:30:03.870615,121
80:E1:26:07:C4:0A,-81,2020-01-08 15:30:14.940078,121
80:E1:26:07:C4:0A,-81,2020-01-08 15:30:13.915985,121
80:E1:26:07:C4:0A,-68,2020-01-08 15:30:23.470937,30
80:E1:26:07:C4:0A,-68,2020-01-08 15:30:22.148962,30
80:E1:26:07:C4:0A,-80,2020-01-08 15:30:25.742062,121
80:E1:26:07:C4:0A,-80,2020-01-08 15:30:24.442242,121
80:E1:26:07:C4:0A,-75,2020-01-08 15:30:33.505153,30
80:E1:26:07:C4:0A,-75,2020-01-08 15:30:32.140899,30
80:E1:26:07:C4:0A,-84,2020-01-08 15:30:33.887714,121
80:E1:26:07:C4:0A,-79,2020-01-08 15:30:53.889097,121
80:E1:26:07:C4:0A,-78,2020-01-08 15:31:03.871748,121
80:E1:26:07:C4:0A,-78,2020-01-08 15:31:04.904587,121
80:E1:26:07:C4:0A,-69,2020-01-08 15:31:13.554909,30
80:E1:26:07:C4:0A,-69,2020-01-08 15:31:12.272731,30
80:E1:26:07:C4:0A,-79,2020-01-08 15:31:13.881657,121
80:E1:26:07:C4:0A,-79,2020-01-08 15:31:14.914111,121
80:E1:26:07:C4:0A,-56,2020-01-08 15:31:17.720659,15
80:E1:26:07:C4:0A,-61,2020-01-08 15:31:23.522140,30
80:E1:26:07:C4:0A,-61,2020-01-08 15:31:22.177097,30
80:E1:26:07:C4:0A,-80,2020-01-08 15:31:24.933117,121
80:E1:26:07:C4:0A,-80,2020-01-08 15:31:23.930938,121
80:E1:26:07:C4:0A,-49,2020-01-08 15:31:27.716393,15
80:E1:26:07:C4:0A,-68,2020-01-08 15:31:33.589783,30
80:E1:26:07:C4:0A,-68,2020-01-08 15:31:32.365317,30
80:E1:26:07:C4:0A,-76,2020-01-08 15:31:33.884705,121
80:E1:26:07:C4:0A,-49,2020-01-08 15:31:37.705223,15
80:E1:26:07:C4:0A,-86,2020-01-08 15:31:44.933721,121
80:E1:26:07:C4:0A,-86,2020-01-08 15:31:43.876020,121
80:E1:26:07:C4:0A,-56,2020-01-08 15:31:47.707798,15
80:E1:26:07:D2:6F,-67,2020-01-08 15:36:29.728721,15
80:E1:26:07:D2:6F,-44,2020-01-08 15:36:33.552275,30
80:E1:26:07:D2:6F,-44,2020-01-08 15:36:32.214554,30
80:E1:26:07:D2:6F,-83,2020-01-08 15:36:34.914018,121
80:E1:26:07:D2:6F,-83,2020-01-08 15:36:33.886091,121
80:E1:26:07:D2:6F,-73,2020-01-08 15:36:37.971014,15
80:E1:26:07:D2:6F,-58,2020-01-08 15:38:43.557567,30
80:E1:26:07:D2:6F,-58,2020-01-08 15:38:42.219913,30
80:E1:26:07:D2:6F,-84,2020-01-08 15:38:43.899921,121
80:E1:26:07:D2:6F,-84,2020-01-08 15:38:44.915389,121
80:E1:26:07:E0:F2,-82,2020-01-08 15:38:53.885899,121
80:E1:26:07:E0:F2,-82,2020-01-08 15:38:54.931366,121
80:E1:26:07:E0:F2,-83,2020-01-08 15:39:03.564178,30
80:E1:26:07:E0:F2,-83,2020-01-08 15:39:02.206504,30
80:E1:26:07:E0:F2,-86,2020-01-08 15:39:04.918933,121
80:E1:26:07:E0:F2,-86,2020-01-08 15:39:03.882801,121
80:E1:26:07:E0:F2,-85,2020-01-08 15:39:14.916559,121
80:E1:26:07:E0:F2,-85,2020-01-08 15:39:13.887046,121
80:E1:26:07:E0:F2,-67,2020-01-08 15:39:23.558604,30
80:E1:26:07:E0:F2,-67,2020-01-08 15:39:22.253752,30
80:E1:26:07:E0:F2,-88,2020-01-08 15:39:24.914257,121
80:E1:26:07:E0:F2,-88,2020-01-08 15:39:23.886415,121
80:E1:26:07:E0:F2,-88,2020-01-08 15:39:34.916412,121
80:E1:26:07:E0:F2,-88,2020-01-08 15:39:33.887495,121
80:E1:26:07:E0:F2,-75,2020-01-08 15:39:43.753553,30
80:E1:26:07:E0:F2,-75,2020-01-08 15:39:42.439696,30
80:E1:26:07:E0:F2,-85,2020-01-08 15:39:53.886847,121
80:E1:26:07:E0:F2,-85,2020-01-08 15:39:54.962158,121
80:E1:26:07:E0:F2,-88,2020-01-08 15:40:13.890868,121
80:E1:26:07:E0:F2,-88,2020-01-08 15:40:14.988969,121
80:E1:26:07:E0:F2,-86,2020-01-08 15:40:54.918671,121
80:E1:26:07:E0:F2,-86,2020-01-08 15:40:53.883071,121
80:E1:26:07:E0:F2,-75,2020-01-08 15:41:03.559715,30
80:E1:26:07:E0:F2,-75,2020-01-08 15:41:02.217729,30
80:E1:26:07:E0:F2,-75,2020-01-08 15:41:12.217852,30
80:E1:26:07:E0:F2,-75,2020-01-08 15:41:14.038940,30
80:E1:26:07:E0:F2,-75,2020-01-08 15:41:22.231324,30
80:E1:26:07:E0:F2,-75,2020-01-08 15:41:23.571964,30
80:E1:26:07:E0:F2,-90,2020-01-08 15:41:23.901129,121
80:E1:26:07:C4:0A,-83,2020-01-08 15:42:04.914104,121
80:E1:26:07:C4:0A,-83,2020-01-08 15:42:03.884600,121
80:E1:26:07:C4:0A,-70,2020-01-08 15:42:13.569742,30
80:E1:26:07:C4:0A,-70,2020-01-08 15:42:12.240926,30
80:E1:26:07:C4:0A,-76,2020-01-08 15:42:14.926419,121
80:E1:26:07:C4:0A,-76,2020-01-08 15:42:13.898817,121
80:E1:26:07:C4:0A,-66,2020-01-08 15:42:23.570542,30
80:E1:26:07:C4:0A,-66,2020-01-08 15:42:22.247395,30
80:E1:26:07:C4:0A,-81,2020-01-08 15:42:24.917691,121
80:E1:26:07:C4:0A,-81,2020-01-08 15:42:23.883481,121
80:E1:26:07:C4:0A,-69,2020-01-08 15:42:33.570979,30
80:E1:26:07:C4:0A,-69,2020-01-08 15:42:32.240518,30
80:E1:26:07:C4:0A,-80,2020-01-08 15:42:33.926807,121
80:E1:26:07:C4:0A,-80,2020-01-08 15:42:35.205710,121
80:E1:26:07:C4:0A,-88,2020-01-08 15:42:45.158297,121
80:E1:26:07:C4:0A,-88,2020-01-08 15:42:44.468352,121
80:E1:26:07:C4:0A,-86,2020-01-08 15:42:54.911667,121
80:E1:26:07:C4:0A,-86,2020-01-08 15:42:54.491754,121
80:E1:26:07:C4:0A,-76,2020-01-08 15:43:25.434367,121
80:E1:26:07:C4:0A,-76,2020-01-08 15:43:24.384784,121
80:E1:26:07:C4:0A,-80,2020-01-08 15:43:34.908849,121
80:E1:26:07:C4:0A,-80,2020-01-08 15:43:33.902151,121
80:E1:26:07:C4:0A,-79,2020-01-08 15:43:43.585262,30
80:E1:26:07:C4:0A,-79,2020-01-08 15:43:42.220048,30
80:E1:26:07:C4:0A,-85,2020-01-08 15:43:44.982188,121
80:E1:26:07:C4:0A,-85,2020-01-08 15:43:43.960119,121
80:E1:26:07:C4:0A,-82,2020-01-08 15:43:53.968345,121
80:E1:26:07:C4:0A,-82,2020-01-08 15:43:54.945995,121
80:E1:26:07:C4:0A,-66,2020-01-08 15:44:03.561102,30
80:E1:26:07:C4:0A,-66,2020-01-08 15:44:02.253231,30
80:E1:26:07:C4:0A,-85,2020-01-08 15:44:04.954976,121
80:E1:26:07:C4:0A,-85,2020-01-08 15:44:03.924749,121
80:E1:26:07:C4:0A,-67,2020-01-08 15:44:13.564703,30
80:E1:26:07:C4:0A,-67,2020-01-08 15:44:12.216222,30
80:E1:26:07:C4:0A,-79,2020-01-08 15:44:14.968553,121
80:E1:26:07:C4:0A,-79,2020-01-08 15:44:13.931586,121
80:E1:26:07:C4:0A,-76,2020-01-08 15:44:23.595904,30
80:E1:26:07:C4:0A,-76,2020-01-08 15:44:22.267380,30
80:E1:26:07:E0:F2,-83,2020-01-08 15:44:24.931778,121
80:E1:26:07:E0:F2,-83,2020-01-08 15:44:23.922259,121
80:E1:26:07:C4:0A,-82,2020-01-08 15:44:25.928876,121
80:E1:26:07:E0:F2,-84,2020-01-08 15:44:34.951312,121
80:E1:26:07:E0:F2,-84,2020-01-08 15:44:33.921386,121
80:E1:26:07:C4:0A,-78,2020-01-08 15:44:44.950181,121
80:E1:26:07:C4:0A,-78,2020-01-08 15:44:43.930237,121
80:E1:26:07:E0:F2,-82,2020-01-08 15:44:45.953834,121
80:E1:26:07:C4:0A,-75,2020-01-08 15:44:54.930469,121
80:E1:26:07:C4:0A,-75,2020-01-08 15:44:53.892666,121
80:E1:26:07:E0:F2,-83,2020-01-08 15:44:55.949556,121
80:E1:26:07:C4:0A,-66,2020-01-08 15:45:03.624560,30
80:E1:26:07:C4:0A,-66,2020-01-08 15:45:02.414726,30
80:E1:26:07:E3:79,-69,2020-01-08 15:45:03.926491,121
80:E1:26:07:E3:79,-69,2020-01-08 15:45:04.960040,121
80:E1:26:07:C4:0A,-58,2020-01-08 15:45:12.852896,15
80:E1:26:07:E3:79,-80,2020-01-08 15:45:14.974975,121
80:E1:26:07:E3:79,-80,2020-01-08 15:45:13.908515,121
80:E1:26:07:C4:0A,-81,2020-01-08 15:45:12.229146,30
80:E1:26:07:C4:0A,-62,2020-01-08 15:45:22.815618,15
80:E1:26:07:E3:79,-75,2020-01-08 15:45:23.815761,15
80:E1:26:07:C4:0A,-64,2020-01-08 15:45:22.292767,30
80:E1:26:07:E3:79,-71,2020-01-08 15:45:24.964114,121
80:E1:26:07:E3:79,-71,2020-01-08 15:45:23.921284,121
80:E1:26:07:C4:0A,-81,2020-01-08 15:45:25.939922,121
80:E1:26:07:E3:79,-77,2020-01-08 15:45:33.603988,30
80:E1:26:07:E3:79,-77,2020-01-08 15:45:32.240132,30
80:E1:26:07:E3:79,-72,2020-01-08 15:45:33.959964,121
80:E1:26:07:E3:79,-72,2020-01-08 15:45:34.969672,121
80:E1:26:07:C4:0A,-69,2020-01-08 15:45:42.270894,30
80:E1:26:07:C4:0A,-69,2020-01-08 15:45:43.599820,30
80:E1:26:07:E3:79,-77,2020-01-08 15:45:44.932642,121
80:E1:26:07:E3:79,-77,2020-01-08 15:45:43.913430,121
80:E1:26:07:C4:0A,-61,2020-01-08 15:45:52.832331,15
80:E1:26:07:C4:0A,-69,2020-01-08 15:45:52.242109,30
80:E1:26:07:C4:0A,-79,2020-01-08 15:45:53.922741,121
80:E1:26:07:C4:0A,-79,2020-01-08 15:45:54.959759,121
80:E1:26:07:C4:0A,-65,2020-01-08 15:46:02.834724,15
80:E1:26:07:C4:0A,-76,2020-01-08 15:46:04.927645,121
80:E1:26:07:C4:0A,-76,2020-01-08 15:46:03.904557,121
80:E1:26:07:E3:79,-71,2020-01-08 15:46:05.952554,121
80:E1:26:07:C4:0A,-58,2020-01-08 15:46:12.847941,15
80:E1:26:07:C4:0A,-62,2020-01-08 15:46:12.284807,30
80:E1:26:07:C4:0A,-79,2020-01-08 15:46:13.902665,121
80:E1:26:07:C4:0A,-79,2020-01-08 15:46:15.181882,121
80:E1:26:07:C4:0A,-69,2020-01-08 15:46:22.850230,15
80:E1:26:07:C4:0A,-66,2020-01-08 15:46:22.231590,30
80:E1:26:07:C4:0A,-77,2020-01-08 15:46:24.270430,121
80:E1:26:07:C4:0A,-77,2020-01-08 15:46:25.273627,121
80:E1:26:07:C4:0A,-69,2020-01-08 15:46:32.841090,15
80:E1:26:07:C4:0A,-68,2020-01-08 15:46:32.246393,30
80:E1:26:07:E0:F2,-81,2020-01-08 15:46:34.581386,30
80:E1:26:07:C4:0A,-77,2020-01-08 15:46:33.892374,121
80:E1:26:07:E0:F2,-94,2020-01-08 15:46:35.912411,121
80:E1:26:07:C4:0A,-55,2020-01-08 15:46:42.851560,15
80:E1:26:07:C4:0A,-60,2020-01-08 15:46:42.217996,30
80:E1:26:07:C4:0A,-79,2020-01-08 15:46:44.917336,121
80:E1:26:07:C4:0A,-79,2020-01-08 15:46:43.887652,121
80:E1:26:07:C4:0A,-61,2020-01-08 15:46:52.875980,15
80:E1:26:07:C4:0A,-75,2020-01-08 15:46:54.958301,121
80:E1:26:07:C4:0A,-75,2020-01-08 15:46:53.928142,121
80:E1:26:07:C4:0A,-58,2020-01-08 15:47:03.385373,15
80:E1:26:07:E0:F2,-75,2020-01-08 15:47:02.224604,30
80:E1:26:07:E0:F2,-85,2020-01-08 15:47:04.941997,121
80:E1:26:07:E0:F2,-85,2020-01-08 15:47:04.006334,121
80:E1:26:07:E0:F2,-76,2020-01-08 15:47:12.896988,15
80:E1:26:07:E0:F2,-88,2020-01-08 15:47:14.931242,121
80:E1:26:07:E0:F2,-88,2020-01-08 15:47:13.936227,121
80:E1:26:07:E0:F2,-81,2020-01-08 15:47:22.908714,15
80:E1:26:07:E0:F2,-74,2020-01-08 15:47:22.243885,30
80:E1:26:07:E0:F2,-88,2020-01-08 15:47:24.961535,121
80:E1:26:07:E0:F2,-88,2020-01-08 15:47:23.933997,121
80:E1:26:07:C4:0A,-64,2020-01-08 15:47:32.912275,15
80:E1:26:07:E0:F2,-81,2020-01-08 15:47:44.942210,121
80:E1:26:07:E0:F2,-81,2020-01-08 15:47:43.952842,121
80:E1:26:07:C4:0A,-63,2020-01-08 15:48:12.243715,30
80:E1:26:07:C4:0A,-54,2020-01-08 15:48:15.399973,15
80:E1:26:07:E0:F2,-75,2020-01-08 15:48:32.979018,15
80:E1:26:07:E0:F2,-75,2020-01-08 15:48:32.241599,30
80:E1:26:07:C4:0A,-55,2020-01-08 15:48:34.226926,15
80:E1:26:07:C4:0A,-83,2020-01-08 15:48:34.026189,121
80:E1:26:07:C4:0A,-57,2020-01-08 15:48:42.961910,15
80:E1:26:07:E0:F2,-69,2020-01-08 15:48:48.898423,33
80:E1:26:07:E0:F2,-64,2020-01-08 15:48:57.466987,33
80:E1:26:07:E0:F2,-69,2020-01-08 15:48:50.108018,33
80:E1:26:07:E0:F2,-71,2020-01-08 15:49:02.300827,30
80:E1:26:07:E0:F2,-71,2020-01-08 15:49:03.631111,30
80:E1:26:07:E0:F2,-87,2020-01-08 15:49:03.929574,121
80:E1:26:07:E0:F2,-64,2020-01-08 15:49:07.453630,33
80:E1:26:07:E0:F2,-64,2020-01-08 15:49:08.680352,33
80:E1:26:07:E0:F2,-83,2020-01-08 15:49:26.923849,33
80:E1:26:07:E0:F2,-83,2020-01-08 15:49:28.179790,33
80:E1:26:07:E3:79,-64,2020-01-08 15:49:32.251649,30
80:E1:26:07:E3:79,-64,2020-01-08 15:49:39.420433,30
80:E1:26:07:E0:F2,-88,2020-01-08 15:49:53.930132,121
80:E1:26:07:E0:F2,-88,2020-01-08 15:49:55.282177,121
80:E1:26:07:E0:F2,-63,2020-01-08 15:49:57.424834,33
80:E1:26:07:E0:F2,-63,2020-01-08 15:49:58.635049,33
80:E1:26:07:C4:0A,-79,2020-01-08 15:50:03.634773,30
80:E1:26:07:C4:0A,-79,2020-01-08 15:50:02.721704,30
80:E1:26:07:E0:F2,-70,2020-01-08 15:50:04.749640,30
80:E1:26:07:C4:0A,-79,2020-01-08 15:50:03.933176,121
80:E1:26:07:E0:F2,-82,2020-01-08 15:50:05.952527,121
80:E1:26:07:E0:F2,-64,2020-01-08 15:50:07.428650,33
80:E1:26:07:E0:F2,-64,2020-01-08 15:50:08.653271,33
80:E1:26:07:E0:F2,-79,2020-01-08 15:50:13.613142,30
80:E1:26:07:E0:F2,-79,2020-01-08 15:50:12.258630,30
80:E1:26:07:E0:F2,-91,2020-01-08 15:50:14.953438,121
80:E1:26:07:E0:F2,-91,2020-01-08 15:50:13.912262,121
80:E1:26:07:E0:F2,-70,2020-01-08 15:50:17.434696,33
80:E1:26:07:E0:F2,-70,2020-01-08 15:50:18.760468,33
80:E1:26:07:E0:F2,-78,2020-01-08 15:50:23.644879,30
80:E1:26:07:E0:F2,-78,2020-01-08 15:50:22.309044,30
80:E1:26:07:E0:F2,-65,2020-01-08 15:50:28.640401,33
80:E1:26:07:E0:F2,-65,2020-01-08 15:50:27.435315,33
80:E1:26:07:E0:F2,-75,2020-01-08 15:50:38.676406,33
80:E1:26:07:E0:F2,-75,2020-01-08 15:50:37.465936,33
80:E1:26:07:C4:0A,-83,2020-01-08 15:50:44.966216,121
80:E1:26:07:C4:0A,-83,2020-01-08 15:50:43.930904,121
80:E1:26:07:E0:F2,-80,2020-01-08 15:51:02.264986,30
80:E1:26:07:E0:F2,-80,2020-01-08 15:51:03.623002,30
80:E1:26:07:E0:F2,-67,2020-01-08 15:51:07.437307,33
80:E1:26:07:E0:F2,-67,2020-01-08 15:51:08.670747,33
80:E1:26:07:E0:F2,-86,2020-01-08 15:51:14.934102,121
80:E1:26:07:E0:F2,-86,2020-01-08 15:51:13.926493,121
80:E1:26:07:E0:F2,-71,2020-01-08 15:51:17.436044,33
80:E1:26:07:E0:F2,-71,2020-01-08 15:51:18.640439,33
80:E1:26:07:E0:F2,-81,2020-01-08 15:51:22.290560,30
80:E1:26:07:E0:F2,-81,2020-01-08 15:51:23.613695,30
80:E1:26:07:E0:F2,-91,2020-01-08 15:51:24.961120,121
80:E1:26:07:E0:F2,-91,2020-01-08 15:51:23.936492,121
80:E1:26:07:E0:F2,-64,2020-01-08 15:51:27.477572,33
80:E1:26:07:E0:F2,-64,2020-01-08 15:51:28.710962,33
80:E1:26:07:E0:F2,-70,2020-01-08 15:51:33.620600,30
80:E1:26:07:E0:F2,-70,2020-01-08 15:51:32.266072,30
80:E1:26:07:E0:F2,-83,2020-01-08 15:51:33.932892,121
80:E1:26:07:C4:0A,-68,2020-01-08 15:51:38.927957,33
80:E1:26:07:E0:F2,-83,2020-01-08 15:51:34.941977,121
80:E1:26:07:C4:0A,-78,2020-01-08 15:51:44.963219,121
80:E1:26:07:C4:0A,-78,2020-01-08 15:51:43.965129,121
80:E1:26:07:E0:F2,-61,2020-01-08 15:51:47.482859,33
80:E1:26:07:E0:F2,-61,2020-01-08 15:51:48.703981,33
80:E1:26:07:E0:F2,-60,2020-01-08 15:51:58.683741,33
80:E1:26:07:E0:F2,-60,2020-01-08 15:51:57.456608,33
80:E1:26:07:E0:F2,-74,2020-01-08 15:52:02.292981,30
80:E1:26:07:E0:F2,-88,2020-01-08 15:52:03.946535,121
80:E1:26:07:E0:F2,-74,2020-01-08 15:52:06.211408,30
80:E1:26:07:E0:F2,-65,2020-01-08 15:52:08.666707,33
80:E1:26:07:E0:F2,-81,2020-01-08 15:52:24.018309,121
80:E1:26:07:E0:F2,-81,2020-01-08 15:52:25.049461,121
80:E1:26:07:E0:F2,-72,2020-01-08 15:55:44.411429,15
80:E1:26:07:E0:F2,-83,2020-01-08 15:55:54.404307,15
80:E1:26:07:E0:F2,-77,2020-01-08 15:56:04.665394,15
80:E1:26:07:C4:0A,-57,2020-01-08 15:56:44.394690,15
80:E1:26:07:E0:F2,-84,2020-01-08 15:56:51.952076,121
80:E1:26:07:E0:F2,-64,2020-01-08 15:56:59.997796,30
80:E1:26:07:E0:F2,-64,2020-01-08 15:56:58.660273,30
80:E1:26:07:E0:F2,-80,2020-01-08 15:58:19.086086,15
80:E1:26:07:E0:F2,-69,2020-01-08 15:59:02.354892,30
80:E1:26:07:E0:F2,-69,2020-01-08 15:59:03.698683,30
80:E1:26:07:E0:F2,-80,2020-01-08 15:59:19.168436,15
80:E1:26:07:E0:F2,-83,2020-01-08 15:59:25.076697,121
80:E1:26:07:E0:F2,-83,2020-01-08 15:59:23.991038,121
80:E1:26:07:E0:F2,-85,2020-01-08 16:00:14.977088,121
80:E1:26:07:E0:F2,-85,2020-01-08 16:00:13.957226,121
80:E1:26:07:E0:F2,-78,2020-01-08 16:00:19.204353,15
80:E1:26:07:C4:0A,-77,2020-01-08 16:01:35.032416,121
80:E1:26:07:C4:0A,-77,2020-01-08 16:01:34.035799,121
80:E1:26:07:E0:F2,-76,2020-01-08 16:01:39.282015,15
80:E1:26:07:C4:0A,-71,2020-01-08 16:02:03.696300,30
80:E1:26:07:C4:0A,-71,2020-01-08 16:02:02.346022,30
80:E1:26:07:E0:F2,-86,2020-01-08 16:02:13.724397,30
80:E1:26:07:E0:F2,-86,2020-01-08 16:02:12.384602,30
80:E1:26:07:D2:6F,-49,2020-01-08 16:02:43.712737,30
80:E1:26:07:D2:6F,-49,2020-01-08 16:02:42.360517,30
80:E1:26:07:D2:6F,-80,2020-01-08 16:02:44.996317,121
80:E1:26:07:D2:6F,-80,2020-01-08 16:02:43.989645,121
80:E1:26:07:E0:F2,-90,2020-01-08 16:03:15.046663,121
80:E1:26:07:E0:F2,-90,2020-01-08 16:03:14.044248,121
80:E1:26:07:E0:F2,-86,2020-01-08 16:04:26.311520,121
80:E1:26:07:E3:79,-71,2020-01-08 16:04:29.845421,121
80:E1:26:07:E0:F2,-86,2020-01-08 16:04:26.490074,121
80:E1:26:07:E0:F2,-85,2020-01-08 16:04:45.031007,121
80:E1:26:07:E0:F2,-85,2020-01-08 16:04:44.027569,121
80:E1:26:07:D2:6F,-61,2020-01-08 16:05:03.732410,30
80:E1:26:07:D2:6F,-61,2020-01-08 16:05:02.381951,30
80:E1:26:07:D2:6F,-63,2020-01-08 16:05:13.709752,30
80:E1:26:07:D2:6F,-63,2020-01-08 16:05:12.371387,30
80:E1:26:07:D2:6F,-83,2020-01-08 16:05:15.048669,121
80:E1:26:07:D2:6F,-83,2020-01-08 16:05:14.027476,121
80:E1:26:07:E0:F2,-85,2020-01-08 16:05:55.032908,121
80:E1:26:07:E0:F2,-85,2020-01-08 16:05:54.040698,121
80:E1:26:07:E0:F2,-84,2020-01-08 16:06:05.032174,121
80:E1:26:07:E0:F2,-84,2020-01-08 16:06:04.039714,121
80:E1:26:07:D2:6F,-72,2020-01-08 16:06:53.962596,15
80:E1:26:07:D2:6F,-81,2020-01-08 16:06:55.068232,121
80:E1:26:07:D2:6F,-81,2020-01-08 16:06:54.073518,121
80:E1:26:07:D2:6F,-84,2020-01-08 16:07:03.998098,15
80:E1:26:07:D2:6F,-57,2020-01-08 16:07:23.778093,30
80:E1:26:07:D2:6F,-57,2020-01-08 16:07:22.456229,30
80:E1:26:07:E0:F2,-83,2020-01-08 16:07:34.032598,15
80:E1:26:07:D2:6F,-59,2020-01-08 16:07:53.752513,30
80:E1:26:07:D2:6F,-59,2020-01-08 16:07:52.411036,30
80:E1:26:07:D2:6F,-88,2020-01-08 16:07:55.310110,121
80:E1:26:07:D2:6F,-88,2020-01-08 16:07:54.309443,121
80:E1:26:07:E3:79,-62,2020-01-08 16:08:22.403675,30
80:E1:26:07:E3:79,-83,2020-01-08 16:08:24.044513,121
80:E1:26:07:E3:79,-62,2020-01-08 16:08:25.496654,30
80:E1:26:07:D2:6F,-72,2020-01-08 16:08:34.101384,15
80:E1:26:07:E3:79,-76,2020-01-08 16:08:35.096840,15
80:E1:26:07:E3:79,-73,2020-01-08 16:08:34.077636,121
80:E1:26:07:D2:6F,-87,2020-01-08 16:08:36.076203,121
80:E1:26:07:E0:F2,-77,2020-01-08 16:09:34.153259,15
80:E1:26:07:E0:F2,-73,2020-01-08 16:10:14.210495,15
80:E1:26:07:E0:F2,-84,2020-01-08 16:10:19.877388,121
80:E1:26:07:E3:79,-64,2020-01-08 16:10:23.774517,30
80:E1:26:07:E3:79,-64,2020-01-08 16:10:22.412784,30
80:E1:26:07:E3:79,-80,2020-01-08 16:10:25.045166,121
80:E1:26:07:E3:79,-78,2020-01-08 16:12:22.398836,30
80:E1:26:07:E3:79,-78,2020-01-08 16:12:23.750566,30
80:E1:26:07:E3:79,-82,2020-01-08 16:12:24.294095,121
80:E1:26:07:E3:79,-75,2020-01-08 16:13:43.802278,30
80:E1:26:07:E3:79,-75,2020-01-08 16:13:42.469240,30
80:E1:26:07:D2:6F,-51,2020-01-08 16:14:03.877130,30
80:E1:26:07:D2:6F,-51,2020-01-08 16:14:02.520592,30
80:E1:26:07:E3:79,-74,2020-01-08 16:15:03.775815,30
80:E1:26:07:E3:79,-74,2020-01-08 16:15:02.443920,30
80:E1:26:07:D2:6F,-54,2020-01-08 16:17:33.816450,30
80:E1:26:07:D2:6F,-54,2020-01-08 16:17:32.478398,30
80:E1:26:07:D2:6F,-48,2020-01-08 16:17:43.773092,30
80:E1:26:07:D2:6F,-48,2020-01-08 16:17:42.412836,30
80:E1:26:07:D2:6F,-46,2020-01-08 16:17:53.779311,30
80:E1:26:07:D2:6F,-46,2020-01-08 16:17:52.430275,30
80:E1:26:07:D2:6F,-85,2020-01-08 16:17:55.515182,121
80:E1:26:07:D2:6F,-85,2020-01-08 16:17:54.550249,121
80:E1:26:07:D2:6F,-55,2020-01-08 16:18:03.820754,30
80:E1:26:07:D2:6F,-55,2020-01-08 16:18:02.484153,30
80:E1:26:07:D2:6F,-54,2020-01-08 16:21:23.796077,30
80:E1:26:07:D2:6F,-54,2020-01-08 16:21:22.430844,30
80:E1:26:07:D2:6F,-68,2020-01-08 16:21:25.612168,15
80:E1:26:07:D2:6F,-50,2020-01-08 16:21:33.787246,30
80:E1:26:07:D2:6F,-50,2020-01-08 16:21:32.457228,30
80:E1:26:07:D2:6F,-80,2020-01-08 16:21:34.339559,121
80:E1:26:07:D2:6F,-51,2020-01-08 16:23:03.778985,30
80:E1:26:07:D2:6F,-51,2020-01-08 16:23:02.420877,30
80:E1:26:07:D2:6F,-81,2020-01-08 16:23:05.309296,121
80:E1:26:07:D2:6F,-81,2020-01-08 16:23:04.319023,121
80:E1:26:07:C4:0A,-80,2020-01-08 16:23:25.310775,121
80:E1:26:07:C4:0A,-80,2020-01-08 16:23:24.317709,121
80:E1:26:07:C4:0A,-66,2020-01-08 16:23:35.662773,15
80:E1:26:07:C4:0A,-68,2020-01-08 16:23:43.769480,30
80:E1:26:07:C4:0A,-68,2020-01-08 16:23:42.428880,30
80:E1:26:07:C4:0A,-77,2020-01-08 16:23:45.349509,121
80:E1:26:07:C4:0A,-77,2020-01-08 16:23:44.375700,121
80:E1:26:07:C4:0A,-77,2020-01-08 16:23:53.811580,30
80:E1:26:07:C4:0A,-77,2020-01-08 16:23:52.440730,30
80:E1:26:07:C4:0A,-74,2020-01-08 16:24:35.392621,121
80:E1:26:07:C4:0A,-74,2020-01-08 16:24:34.415115,121
80:E1:26:07:C4:0A,-72,2020-01-08 16:24:45.386707,121
80:E1:26:07:C4:0A,-72,2020-01-08 16:24:44.398612,121
80:E1:26:07:D2:6F,-53,2020-01-08 16:25:03.766932,30
80:E1:26:07:D2:6F,-53,2020-01-08 16:25:02.443397,30
80:E1:26:07:C4:0A,-82,2020-01-08 16:26:15.465506,121
80:E1:26:07:C4:0A,-82,2020-01-08 16:26:14.495831,121
80:E1:26:07:C4:0A,-72,2020-01-08 16:26:25.449442,121
80:E1:26:07:C4:0A,-72,2020-01-08 16:26:24.448563,121
80:E1:26:07:C4:0A,-81,2020-01-08 16:26:34.490995,121
80:E1:26:07:C4:0A,-81,2020-01-08 16:26:38.606628,121
80:E1:26:07:C4:0A,-72,2020-01-08 16:26:43.780028,30
80:E1:26:07:C4:0A,-72,2020-01-08 16:26:42.530478,30
80:E1:26:07:C4:0A,-81,2020-01-08 16:26:45.441659,121
80:E1:26:07:C4:0A,-81,2020-01-08 16:26:44.458874,121
80:E1:26:07:C4:0A,-80,2020-01-08 16:26:55.515097,121
80:E1:26:07:C4:0A,-80,2020-01-08 16:26:54.523449,121
80:E1:26:07:E0:F2,-69,2020-01-08 16:27:03.782106,30
80:E1:26:07:E0:F2,-69,2020-01-08 16:27:02.439031,30
80:E1:26:07:C4:0A,-78,2020-01-08 16:27:05.449739,121
80:E1:26:07:C4:0A,-78,2020-01-08 16:27:04.479872,121
80:E1:26:07:D2:6F,-53,2020-01-08 16:28:13.773900,30
80:E1:26:07:D2:6F,-53,2020-01-08 16:28:12.436530,30
80:E1:26:07:C4:0A,-73,2020-01-08 16:29:15.526872,121
80:E1:26:07:C4:0A,-73,2020-01-08 16:29:14.558404,121
80:E1:26:07:E0:F2,-87,2020-01-08 16:29:43.821540,30
80:E1:26:07:E0:F2,-87,2020-01-08 16:29:42.454917,30
80:E1:26:07:C4:0A,-59,2020-01-08 16:29:45.935502,15
80:E1:26:07:C4:0A,-86,2020-01-08 16:29:55.508870,121
80:E1:26:07:C4:0A,-86,2020-01-08 16:29:54.528358,121
80:E1:26:07:E0:F2,-78,2020-01-08 16:30:15.531520,121
80:E1:26:07:E0:F2,-78,2020-01-08 16:30:14.571004,121
80:E1:26:07:E0:F2,-80,2020-01-08 16:30:32.480281,30
80:E1:26:07:E0:F2,-80,2020-01-08 16:30:33.835424,30
80:E1:26:07:E0:F2,-75,2020-01-08 16:31:03.838315,30
80:E1:26:07:E0:F2,-75,2020-01-08 16:31:02.534036,30
80:E1:26:07:E0:F2,-81,2020-01-08 16:31:23.823239,30
80:E1:26:07:E0:F2,-81,2020-01-08 16:31:22.503400,30
80:E1:26:07:E0:F2,-90,2020-01-08 16:31:25.549247,121
80:E1:26:07:E0:F2,-90,2020-01-08 16:31:24.561365,121
80:E1:26:07:D2:6F,-58,2020-01-08 16:31:33.821548,30
80:E1:26:07:D2:6F,-58,2020-01-08 16:31:32.468650,30
80:E1:26:07:D2:6F,-40,2020-01-08 16:31:43.823353,30
80:E1:26:07:D2:6F,-40,2020-01-08 16:31:42.474550,30
80:E1:26:07:E0:F2,-87,2020-01-08 16:31:45.564160,121
80:E1:26:07:E0:F2,-87,2020-01-08 16:31:44.602888,121
80:E1:26:07:D2:6F,-48,2020-01-08 16:31:53.831038,30
80:E1:26:07:D2:6F,-48,2020-01-08 16:31:52.468136,30
80:E1:26:07:E0:F2,-79,2020-01-08 16:31:55.614943,121
80:E1:26:07:E0:F2,-79,2020-01-08 16:31:54.648429,121
80:E1:26:07:D2:6F,-59,2020-01-08 16:32:03.804889,30
80:E1:26:07:D2:6F,-59,2020-01-08 16:32:02.452393,30
80:E1:26:07:D2:6F,-91,2020-01-08 16:32:04.605870,121
80:E1:26:07:D2:6F,-91,2020-01-08 16:32:05.595185,121
80:E1:26:07:D2:6F,-46,2020-01-08 16:32:14.004394,30
80:E1:26:07:D2:6F,-46,2020-01-08 16:32:12.641899,30
80:E1:26:07:C4:0A,-75,2020-01-08 16:32:15.645543,121
80:E1:26:07:C4:0A,-75,2020-01-08 16:32:14.656232,121
80:E1:26:07:C4:0A,-78,2020-01-08 16:32:23.821438,30
80:E1:26:07:C4:0A,-78,2020-01-08 16:32:22.456266,30
80:E1:26:07:C4:0A,-84,2020-01-08 16:32:25.574942,121
80:E1:26:07:C4:0A,-84,2020-01-08 16:32:24.611959,121
80:E1:26:07:C4:0A,-68,2020-01-08 16:32:53.860056,30
80:E1:26:07:C4:0A,-68,2020-01-08 16:32:52.492858,30
80:E1:26:07:C4:0A,-73,2020-01-08 16:32:54.642596,121
80:E1:26:07:C4:0A,-73,2020-01-08 16:32:55.627421,121
80:E1:26:07:D2:6F,-40,2020-01-08 16:34:13.814420,30
80:E1:26:07:D2:6F,-40,2020-01-08 16:34:12.459537,30
80:E1:26:07:D2:6F,-42,2020-01-08 16:34:22.555502,30
80:E1:26:07:D2:6F,-42,2020-01-08 16:34:23.899738,30
80:E1:26:07:D2:6F,-81,2020-01-08 16:34:24.693039,121
80:E1:26:07:D2:6F,-48,2020-01-08 16:34:33.825937,30
80:E1:26:07:D2:6F,-48,2020-01-08 16:34:32.476924,30
80:E1:26:07:D2:6F,-80,2020-01-08 16:34:35.668317,121
80:E1:26:07:D2:6F,-80,2020-01-08 16:34:34.712297,121
80:E1:26:07:D2:6F,-49,2020-01-08 16:34:42.459355,30
80:E1:26:07:D2:6F,-88,2020-01-08 16:34:44.692226,121
80:E1:26:07:D2:6F,-49,2020-01-08 16:34:43.810715,30
80:E1:26:07:E0:F2,-66,2020-01-08 16:34:53.861667,30
80:E1:26:07:E0:F2,-66,2020-01-08 16:34:52.524507,30
80:E1:26:07:D2:6F,-87,2020-01-08 16:35:05.659808,121
80:E1:26:07:D2:6F,-87,2020-01-08 16:35:04.669127,121
80:E1:26:07:D2:6F,-42,2020-01-08 16:35:13.862290,30
80:E1:26:07:D2:6F,-42,2020-01-08 16:35:12.489284,30
80:E1:26:07:D2:6F,-86,2020-01-08 16:35:15.668741,121
80:E1:26:07:D2:6F,-86,2020-01-08 16:35:14.794426,121
80:E1:26:07:D2:6F,-39,2020-01-08 16:35:23.851816,30
80:E1:26:07:D2:6F,-39,2020-01-08 16:35:22.529610,30
80:E1:26:07:D2:6F,-85,2020-01-08 16:35:24.689029,121
80:E1:26:07:D2:6F,-85,2020-01-08 16:35:26.390630,121
80:E1:26:07:D2:6F,-48,2020-01-08 16:35:33.844975,30
80:E1:26:07:D2:6F,-48,2020-01-08 16:35:32.476927,30
80:E1:26:07:D2:6F,-89,2020-01-08 16:35:35.726229,121
80:E1:26:07:D2:6F,-89,2020-01-08 16:35:35.039394,121
80:E1:26:07:D2:6F,-49,2020-01-08 16:35:43.841143,30
80:E1:26:07:D2:6F,-49,2020-01-08 16:35:42.484534,30
80:E1:26:07:C4:0A,-82,2020-01-08 16:35:45.709617,121
80:E1:26:07:C4:0A,-82,2020-01-08 16:35:44.746712,121
80:E1:26:07:D2:6F,-40,2020-01-08 16:35:53.838877,30
80:E1:26:07:D2:6F,-40,2020-01-08 16:35:52.507302,30
80:E1:26:07:E0:F2,-77,2020-01-08 16:35:55.707411,121
80:E1:26:07:E0:F2,-77,2020-01-08 16:35:54.743416,121
80:E1:26:07:D2:6F,-89,2020-01-08 16:35:56.707804,121
80:E1:26:07:D2:6F,-29,2020-01-08 16:36:03.901837,30
80:E1:26:07:D2:6F,-29,2020-01-08 16:36:02.538567,30
80:E1:26:07:D2:6F,-78,2020-01-08 16:36:05.708097,121
80:E1:26:07:D2:6F,-78,2020-01-08 16:36:05.057594,121
80:E1:26:07:D2:6F,-39,2020-01-08 16:36:12.481013,30
80:E1:26:07:D2:6F,-39,2020-01-08 16:36:13.811482,30
80:E1:26:07:D2:6F,-77,2020-01-08 16:36:14.728169,121
80:E1:26:07:D2:6F,-48,2020-01-08 16:36:23.804655,30
80:E1:26:07:D2:6F,-48,2020-01-08 16:36:22.441036,30
80:E1:26:07:D2:6F,-40,2020-01-08 16:36:33.855758,30
80:E1:26:07:D2:6F,-40,2020-01-08 16:36:32.503865,30
80:E1:26:07:D2:6F,-76,2020-01-08 16:36:35.709580,121
80:E1:26:07:D2:6F,-76,2020-01-08 16:36:34.740656,121
80:E1:26:07:D2:6F,-48,2020-01-08 16:38:53.940469,30
80:E1:26:07:D2:6F,-48,2020-01-08 16:38:52.614600,30
80:E1:26:07:D2:6F,-85,2020-01-08 16:38:55.748349,121
80:E1:26:07:D2:6F,-85,2020-01-08 16:38:54.768833,121
80:E1:26:07:D2:6F,-58,2020-01-08 16:39:03.809469,30
80:E1:26:07:D2:6F,-58,2020-01-08 16:39:02.439581,30
80:E1:26:07:D2:6F,-81,2020-01-08 16:39:05.752109,121
80:E1:26:07:D2:6F,-81,2020-01-08 16:39:04.811733,121
80:E1:26:07:D2:6F,-48,2020-01-08 16:39:13.815104,30
80:E1:26:07:D2:6F,-48,2020-01-08 16:39:12.462805,30
80:E1:26:07:D2:6F,-77,2020-01-08 16:39:15.768438,121
80:E1:26:07:D2:6F,-77,2020-01-08 16:39:14.783095,121
80:E1:26:07:D2:6F,-47,2020-01-08 16:39:23.803980,30
80:E1:26:07:D2:6F,-47,2020-01-08 16:39:22.468266,30
80:E1:26:07:D2:6F,-85,2020-01-08 16:39:45.786322,121
80:E1:26:07:D2:6F,-85,2020-01-08 16:39:44.786471,121
80:E1:26:07:D2:6F,-56,2020-01-08 16:39:53.922906,30
80:E1:26:07:D2:6F,-56,2020-01-08 16:39:52.596123,30
80:E1:26:07:D2:6F,-79,2020-01-08 16:39:55.766014,121
80:E1:26:07:D2:6F,-79,2020-01-08 16:39:55.095543,121
80:E1:26:07:D2:6F,-55,2020-01-08 16:40:03.822941,30
80:E1:26:07:D2:6F,-55,2020-01-08 16:40:02.465113,30
80:E1:26:07:D2:6F,-85,2020-01-08 16:40:05.748294,121
80:E1:26:07:D2:6F,-85,2020-01-08 16:40:04.775391,121
80:E1:26:07:D2:6F,-53,2020-01-08 16:40:13.832661,30
80:E1:26:07:D2:6F,-53,2020-01-08 16:40:12.467718,30
80:E1:26:07:D2:6F,-83,2020-01-08 16:40:15.774501,121
80:E1:26:07:D2:6F,-83,2020-01-08 16:40:14.834044,121
80:E1:26:07:D2:6F,-52,2020-01-08 16:40:23.807067,30
80:E1:26:07:D2:6F,-52,2020-01-08 16:40:22.442377,30
80:E1:26:07:D2:6F,-80,2020-01-08 16:40:25.784707,121
80:E1:26:07:D2:6F,-80,2020-01-08 16:40:24.792306,121
80:E1:26:07:D2:6F,-62,2020-01-08 16:41:13.816624,30
80:E1:26:07:D2:6F,-62,2020-01-08 16:41:12.466126,30
80:E1:26:07:D2:6F,-80,2020-01-08 16:41:15.819990,121
80:E1:26:07:D2:6F,-80,2020-01-08 16:41:14.855484,121
80:E1:26:07:D2:6F,-83,2020-01-08 16:41:25.826696,121
80:E1:26:07:D2:6F,-83,2020-01-08 16:41:24.871012,121
80:E1:26:07:D2:6F,-61,2020-01-08 16:41:33.939676,30
80:E1:26:07:D2:6F,-61,2020-01-08 16:41:32.582547,30
80:E1:26:07:D2:6F,-64,2020-01-08 16:41:43.787218,30
80:E1:26:07:D2:6F,-64,2020-01-08 16:41:42.459884,30
80:E1:26:07:D2:6F,-89,2020-01-08 16:41:45.787972,121
80:E1:26:07:D2:6F,-89,2020-01-08 16:41:44.820821,121
80:E1:26:07:D2:6F,-58,2020-01-08 16:41:53.817840,30
80:E1:26:07:D2:6F,-58,2020-01-08 16:41:52.453722,30
80:E1:26:07:D2:6F,-80,2020-01-08 16:41:55.833211,121
80:E1:26:07:D2:6F,-80,2020-01-08 16:41:54.879258,121
80:E1:26:07:D2:6F,-56,2020-01-08 16:42:03.798976,30
80:E1:26:07:D2:6F,-56,2020-01-08 16:42:02.446330,30
80:E1:26:07:D2:6F,-81,2020-01-08 16:42:05.827727,121
80:E1:26:07:D2:6F,-81,2020-01-08 16:42:04.866977,121
80:E1:26:07:D2:6F,-55,2020-01-08 16:45:13.825809,30
80:E1:26:07:D2:6F,-78,2020-01-08 16:45:15.914442,121
80:E1:26:07:D2:6F,-78,2020-01-08 16:45:14.947561,121
80:E1:26:07:D2:6F,-55,2020-01-08 16:45:12.479338,30
80:E1:26:07:D2:6F,-47,2020-01-08 16:45:23.838678,30
80:E1:26:07:D2:6F,-47,2020-01-08 16:45:22.533208,30
80:E1:26:07:D2:6F,-83,2020-01-08 16:45:25.926480,121
80:E1:26:07:D2:6F,-83,2020-01-08 16:45:25.277865,121
80:E1:26:07:D2:6F,-48,2020-01-08 16:45:33.840754,30
80:E1:26:07:D2:6F,-48,2020-01-08 16:45:32.526605,30
80:E1:26:07:C4:0A,-77,2020-01-08 16:45:45.894567,121
80:E1:26:07:C4:0A,-77,2020-01-08 16:45:44.925944,121
80:E1:26:07:D2:6F,-49,2020-01-08 16:45:52.483195,30
80:E1:26:07:C4:0A,-77,2020-01-08 16:45:54.938579,121
80:E1:26:07:D2:6F,-48,2020-01-08 16:46:02.489754,30
80:E1:26:07:C4:0A,-77,2020-01-08 16:46:04.978339,121
80:E1:26:07:D2:6F,-49,2020-01-08 16:46:12.498173,30
80:E1:26:07:D2:6F,-83,2020-01-08 16:46:14.980676,121
80:E1:26:07:D2:6F,-57,2020-01-08 16:46:22.501257,30
80:E1:26:07:D2:6F,-86,2020-01-08 16:46:24.970531,121
80:E1:26:07:D2:6F,-49,2020-01-08 16:46:32.470774,30
80:E1:26:07:C4:0A,-79,2020-01-08 16:46:35.056033,121
80:E1:26:07:D2:6F,-49,2020-01-08 16:46:42.471805,30
80:E1:26:07:C4:0A,-75,2020-01-08 16:46:44.975528,121
80:E1:26:07:C4:0A,-71,2020-01-08 16:46:52.502252,30
80:E1:26:07:C4:0A,-76,2020-01-08 16:46:55.021629,121
80:E1:26:07:C4:0A,-75,2020-01-08 16:47:04.997296,121
80:E1:26:07:C4:0A,-78,2020-01-08 16:47:12.505395,30
80:E1:26:07:C4:0A,-78,2020-01-08 16:47:15.031381,121
80:E1:26:07:C4:0A,-72,2020-01-08 16:47:22.491462,30
80:E1:26:07:C4:0A,-78,2020-01-08 16:47:24.993297,121
80:E1:26:07:C4:0A,-67,2020-01-08 16:47:32.501228,30
80:E1:26:07:C4:0A,-78,2020-01-08 16:47:34.983999,121
80:E1:26:07:E0:F2,-75,2020-01-08 16:48:22.492696,30
80:E1:26:07:E0:F2,-76,2020-01-08 16:48:25.038346,121
80:E1:26:07:D2:6F,-45,2020-01-08 16:48:32.507135,30
80:E1:26:07:E0:F2,-75,2020-01-08 16:49:02.480269,30
80:E1:26:07:E0:F2,-79,2020-01-08 16:51:05.045803,121
80:E1:26:07:E0:F2,-79,2020-01-08 16:51:06.025362,121
80:E1:26:07:E0:F2,-69,2020-01-08 16:51:13.851938,30
80:E1:26:07:E0:F2,-69,2020-01-08 16:51:12.492784,30
80:E1:26:07:E0:F2,-85,2020-01-08 16:51:26.025555,121
80:E1:26:07:E0:F2,-85,2020-01-08 16:51:25.047511,121
80:E1:26:07:D2:6F,-86,2020-01-08 16:51:56.024372,121
80:E1:26:07:D2:6F,-86,2020-01-08 16:51:55.052744,121
80:E1:26:07:E0:F2,-89,2020-01-08 16:52:26.024711,121
80:E1:26:07:E0:F2,-89,2020-01-08 16:52:25.073955,121
80:E1:26:07:D2:6F,-50,2020-01-08 16:52:43.871891,30
80:E1:26:07:D2:6F,-50,2020-01-08 16:52:42.492765,30
80:E1:26:07:E0:F2,-71,2020-01-08 16:54:13.864612,30
80:E1:26:07:E0:F2,-71,2020-01-08 16:54:12.496076,30
80:E1:26:07:E0:F2,-85,2020-01-08 16:54:16.073131,121
80:E1:26:07:E0:F2,-85,2020-01-08 16:54:15.126920,121
80:E1:26:07:E0:F2,-83,2020-01-08 16:55:53.889085,30
80:E1:26:07:E0:F2,-83,2020-01-08 16:55:52.537414,30
80:E1:26:07:E3:79,-80,2020-01-08 16:56:08.290340,121
80:E1:26:07:E3:79,-80,2020-01-08 16:56:07.083386,121
80:E1:26:07:E3:79,-66,2020-01-08 16:56:13.854904,30
80:E1:26:07:E3:79,-66,2020-01-08 16:56:12.647245,30
80:E1:26:07:E0:F2,-81,2020-01-08 16:56:48.314564,121
80:E1:26:07:E0:F2,-81,2020-01-08 16:56:47.110320,121
80:E1:26:07:E0:F2,-75,2020-01-08 16:57:04.253493,15
80:E1:26:07:E0:F2,-85,2020-01-08 16:57:08.307149,121
80:E1:26:07:E0:F2,-85,2020-01-08 16:57:07.122342,121
80:E1:26:07:D2:6F,-73,2020-01-08 16:58:04.299950,15
80:E1:26:07:E0:F2,-75,2020-01-08 16:58:05.382699,15
80:E1:26:07:E0:F2,-80,2020-01-08 16:58:08.306479,121
80:E1:26:07:E0:F2,-80,2020-01-08 16:58:07.191342,121
80:E1:26:07:D2:6F,-84,2020-01-08 16:58:09.306590,121
80:E1:26:07:D2:6F,-61,2020-01-08 16:58:13.890086,30
80:E1:26:07:D2:6F,-61,2020-01-08 16:58:12.528362,30
80:E1:26:07:E0:F2,-80,2020-01-08 16:58:14.897637,30
80:E1:26:07:D2:6F,-75,2020-01-08 16:58:16.511049,15
80:E1:26:07:E0:F2,-80,2020-01-08 16:58:18.335498,121
80:E1:26:07:E0:F2,-80,2020-01-08 16:58:17.171422,121
80:E1:26:07:D2:6F,-43,2020-01-08 16:58:23.884668,30
80:E1:26:07:D2:6F,-43,2020-01-08 16:58:22.547208,30
80:E1:26:07:E0:F2,-74,2020-01-08 16:58:26.426998,15
80:E1:26:07:D2:6F,-82,2020-01-08 16:58:28.347824,121
80:E1:26:07:D2:6F,-82,2020-01-08 16:58:27.221443,121
80:E1:26:07:D2:6F,-45,2020-01-08 16:58:33.890675,30
80:E1:26:07:D2:6F,-45,2020-01-08 16:58:32.536982,30
80:E1:26:07:D2:6F,-70,2020-01-08 16:58:35.422213,15
80:E1:26:07:D2:6F,-86,2020-01-08 16:58:38.323683,121
80:E1:26:07:D2:6F,-86,2020-01-08 16:58:37.120420,121
80:E1:26:07:D2:6F,-46,2020-01-08 16:58:42.537367,30
80:E1:26:07:D2:6F,-46,2020-01-08 16:58:43.914429,30
80:E1:26:07:D2:6F,-50,2020-01-08 16:58:52.500816,30
80:E1:26:07:D2:6F,-50,2020-01-08 16:58:53.867054,30
80:E1:26:07:D2:6F,-69,2020-01-08 16:58:55.434677,15
80:E1:26:07:D2:6F,-81,2020-01-08 16:58:58.332503,121
80:E1:26:07:D2:6F,-81,2020-01-08 16:58:57.171085,121
80:E1:26:07:D2:6F,-45,2020-01-08 16:59:03.909850,30
80:E1:26:07:D2:6F,-45,2020-01-08 16:59:02.550505,30
80:E1:26:07:D2:6F,-78,2020-01-08 16:59:08.468577,121
80:E1:26:07:D2:6F,-78,2020-01-08 16:59:07.288902,121
80:E1:26:07:D2:6F,-54,2020-01-08 16:59:13.882986,30
80:E1:26:07:D2:6F,-54,2020-01-08 16:59:12.516946,30
80:E1:26:07:D2:6F,-69,2020-01-08 16:59:15.462378,15
80:E1:26:07:D2:6F,-81,2020-01-08 16:59:18.333397,121
80:E1:26:07:D2:6F,-81,2020-01-08 16:59:17.164302,121
80:E1:26:07:D2:6F,-44,2020-01-08 16:59:22.530809,30
80:E1:26:07:D2:6F,-44,2020-01-08 16:59:23.881460,30
80:E1:26:07:D2:6F,-79,2020-01-08 16:59:28.347399,121
80:E1:26:07:D2:6F,-79,2020-01-08 16:59:27.163129,121
80:E1:26:07:D2:6F,-49,2020-01-08 16:59:33.874688,30
80:E1:26:07:D2:6F,-49,2020-01-08 16:59:32.515045,30
80:E1:26:07:D2:6F,-73,2020-01-08 16:59:38.321630,121
80:E1:26:07:D2:6F,-73,2020-01-08 16:59:37.154238,121
80:E1:26:07:D2:6F,-52,2020-01-08 16:59:42.517007,30
80:E1:26:07:D2:6F,-52,2020-01-08 16:59:43.882171,30
80:E1:26:07:D2:6F,-53,2020-01-08 16:59:53.864630,30
80:E1:26:07:D2:6F,-53,2020-01-08 16:59:52.531164,30
80:E1:26:07:D2:6F,-82,2020-01-08 16:59:57.239407,121
80:E1:26:07:D2:6F,-82,2020-01-08 16:59:58.432876,121
80:E1:26:07:D2:6F,-54,2020-01-08 17:00:03.857281,30
80:E1:26:07:D2:6F,-54,2020-01-08 17:00:02.504382,30
80:E1:26:07:E3:79,-76,2020-01-08 17:00:08.325270,121
80:E1:26:07:E3:79,-76,2020-01-08 17:00:07.120007,121
80:E1:26:07:E3:79,-68,2020-01-08 17:00:13.858071,30
80:E1:26:07:E3:79,-68,2020-01-08 17:00:12.493342,30
80:E1:26:07:E3:79,-65,2020-01-08 17:00:18.385095,121
80:E1:26:07:E3:79,-65,2020-01-08 17:00:17.150709,121
80:E1:26:07:E3:79,-62,2020-01-08 17:00:28.324995,121
80:E1:26:07:E3:79,-62,2020-01-08 17:00:27.123055,121
80:E1:26:07:E3:79,-72,2020-01-08 17:00:33.863528,30
80:E1:26:07:E3:79,-72,2020-01-08 17:00:32.509543,30
80:E1:26:07:E3:79,-64,2020-01-08 17:00:38.365955,121
80:E1:26:07:E3:79,-64,2020-01-08 17:00:37.148260,121
80:E1:26:07:E3:79,-70,2020-01-08 17:00:43.867483,30
80:E1:26:07:E3:79,-70,2020-01-08 17:00:42.544872,30
80:E1:26:07:E3:79,-75,2020-01-08 17:00:48.326351,121
80:E1:26:07:E3:79,-75,2020-01-08 17:00:47.135567,121
80:E1:26:07:E3:79,-80,2020-01-08 17:00:53.858837,30
80:E1:26:07:E3:79,-80,2020-01-08 17:00:52.535605,30
80:E1:26:07:E3:79,-62,2020-01-08 17:00:58.324427,121
80:E1:26:07:E3:79,-62,2020-01-08 17:00:57.128372,121
